Tên xe,Hãng xe,Dòng xe,Loại xe,Dung tích xe,Xuất xứ,Năm đăng ký,Chính sách bảo hành,Giá,Tên cửa hàng,Địa chỉ,Đánh giá,Đang bán,Đã bán
Sirius 50cc bốc thăm trúng thưởng xe2024Xe sốMới15.300.000 đ3 giờ trước•Quận Tân Phú,Hãng xe:Victory,Dòng xe:Dòng khác,Loại xe:Xe số,Dung tích xe:Dưới 50 cc,Xuất xứ:Đài Loan,Năm đăng ký:2024,Chính sách bảo hành:Bảo hành hãng,15.300.000 đ,CỬA HÀNG XE MÁY PHƯỚC THỌ,"Phường Hòa Thạnh, Quận Tân Phú, Tp Hồ Chí Minh",4.8,58đang bán,486đã bán
Hỗ Trợ trả góp tất cả dòng xe Honda tại Head2024Tay gaMới3.650.000 đ4 giờ trước•Quận Phú Nhuận,Hãng xe:Honda,Dòng xe:Dòng khác,Loại xe:Tay ga,Dung tích xe:100 - 175 cc,Xuất xứ:Việt Nam,Năm đăng ký:2024,Chính sách bảo hành:Bảo hành hãng,3.650.000 đ,Tấn Tài Trả Góp HCM,"Phường 9, Quận Phú Nhuận, Tp Hồ Chí Minh",,1đang bán,0đã bán
Wave 50cc bốc thăm trúng thưởng xe2024Xe sốMới14.800.000 đ4 giờ trước•Quận Tân Phú,Hãng xe:Honda,Dòng xe:Wave,Loại xe:Xe số,Dung tích xe:Dưới 50 cc,Xuất xứ:Nước khác,Năm đăng ký:2024,Chính sách bảo hành:Bảo hành hãng,14.800.000 đ,CỬA HÀNG XE MÁY PHƯỚC THỌ,"Phường Hòa Thạnh, Quận Tân Phú, Tp Hồ Chí Minh",4.8,58đang bán,486đã bán
em chuyên mua xe tay ga hư và hỏng kgnổ cũng mua2013Tay gaMới1.300.000 đ5 giờ trước•Quận Gò Vấp,Hãng xe:Suzuki,Dòng xe:Hayate,Loại xe:Tay ga,Dung tích xe:50 - 100 cc,Xuất xứ:Nhật Bản,Năm đăng ký:2013,Chính sách bảo hành:Bảo hành hãng,1.300.000 đ,Văn Sắc,"Phường 15, Quận Gò Vấp, Tp Hồ Chí Minh",5,3đang bán,341đã bán
bán Yamaha Exciter 150 trắng đỏ đời 2015 bst 712015Xe sốMới15.800.000 đ5 giờ trước•Quận 11,Hãng xe:Yamaha,Dòng xe:Exciter,Loại xe:Xe số,Dung tích xe:100 - 175 cc,Xuất xứ:Việt Nam,Năm đăng ký:2015,Chính sách bảo hành:Bảo hành hãng,15.800.000 đ,nguyenxuanthinh quạn 11,"Phường 3, Quận 11, Tp Hồ Chí Minh",4.6,39đang bán,245đã bán
"SH | Lãi suât 0,59% | Hỗ trợ vay tiêu dùng2024Tay gaMới80.000.000 đ20 giờ trước•Quận 8",Hãng xe:Honda,Dòng xe:SH,Loại xe:Tay ga,Dung tích xe:100 - 175 cc,Xuất xứ:Việt Nam,Năm đăng ký:2024,Chính sách bảo hành:Bảo hành hãng,80.000.000 đ,Hiếu Xe Trả Góp,"Phường 2, Quận 8, Tp Hồ Chí Minh",4.7,24đang bán,2đã bán
+36sh350 New Bạc + Trắng2024Tay côn/MotoMới150.800.000 đ21 giờ trước•Quận Bình ThạnhPhi Trần2.413đã bán8đang bánBấm để hiện sốChat,Hãng xe:Honda,Dòng xe:SH,Loại xe:Tay côn/Moto,Dung tích xe:Trên 175 cc,Xuất xứ:Thái Lan,Năm đăng ký:2024,Chính sách bảo hành:Bảo hành hãng,150.800.000 đ,Phi Trần,"Phường 5, Quận Bình Thạnh, Tp Hồ Chí Minh",2.4,8đang bán,13đã bán
FUTURE FI MỚI 100%  GIÁ BT - GÓP GIAO CAVET GỐC2023Xe sốMới39.000.000 đ22 giờ trước•Quận 8,Hãng xe:Honda,Dòng xe:Future,Loại xe:Xe số,Dung tích xe:100 - 175 cc,Xuất xứ:Việt Nam,Năm đăng ký:2023,Chính sách bảo hành:Bảo hành hãng,39.000.000 đ,XE MÁY NGUYỄN MINH SƠN,"Phường 2, Quận 8, Tp Hồ Chí Minh",4.6,102đang bán,204đã bán
VARIO160 CBS XANH - GIÁ BT - GÓP GIAO CAVET GỐC2024Tay gaMới53.500.000 đ22 giờ trước•Quận 8,Hãng xe:Honda,Dòng xe:Vario,Loại xe:Tay ga,Dung tích xe:100 - 175 cc,Xuất xứ:Việt Nam,Năm đăng ký:2024,Chính sách bảo hành:Bảo hành hãng,53.500.000 đ,XE MÁY NGUYỄN MINH SƠN,"Phường 2, Quận 8, Tp Hồ Chí Minh",4.6,102đang bán,204đã bán
VISION THỂ THAO - GIÁ BT - GÓP GIAO CAVET GỐC2024Tay gaMới41.000.000 đ23 giờ trước•Quận 8,Hãng xe:Honda,Dòng xe:Vision,Loại xe:Tay ga,Dung tích xe:100 - 175 cc,Xuất xứ:Việt Nam,Năm đăng ký:2024,Chính sách bảo hành:Bảo hành hãng,41.000.000 đ,XE MÁY NGUYỄN MINH SƠN,"Phường 2, Quận 8, Tp Hồ Chí Minh",4.6,102đang bán,204đã bán
VISION 2024 CAO CẤP - GIÁ BT - GÓP NHẬN CAVET GỐC2024Tay gaMới36.000.000 đ23 giờ trước•Quận 8,Hãng xe:Honda,Dòng xe:Vision,Loại xe:Tay ga,Dung tích xe:100 - 175 cc,Xuất xứ:Việt Nam,Năm đăng ký:2024,Chính sách bảo hành:Bảo hành hãng,36.000.000 đ,XE MÁY NGUYỄN MINH SƠN,"Phường 2, Quận 8, Tp Hồ Chí Minh",4.6,102đang bán,204đã bán
"Vespa LX iget mới 100% chưa đổ xăng, hàng hiếm2018Tay gaMới59.000.000 đ24 giờ trước•Quận 7",Hãng xe:Piaggio,Dòng xe:LX,Loại xe:Tay ga,Dung tích xe:100 - 175 cc,Xuất xứ:Nước khác,Năm đăng ký:2018,Chính sách bảo hành:Bảo hành hãng,59.000.000 đ,Phạm Duy,"Phường Tân Phong, Quận 7, Tp Hồ Chí Minh",,5đang bán,20đã bán
50cc ScooterINDO V882 mới 100%2024Tay gaMới21.800.000 đhôm qua•Quận Tân Phú,Hãng xe:Victory,Dòng xe:Dòng khác,Loại xe:Tay ga,Dung tích xe:Dưới 50 cc,Xuất xứ:Đài Loan,Năm đăng ký:2024,Chính sách bảo hành:Bảo hành hãng,21.800.000 đ,CỬA HÀNG XE MÁY PHƯỚC THỌ,"Phường Hòa Thạnh, Quận Tân Phú, Tp Hồ Chí Minh",4.8,58đang bán,486đã bán
GÓP TẤT CẢ DÒNG XE MỚI - ĐƯA 10% - DUYỆT ONLINE -2024Tay gaMới99.999.999 đhôm qua•Quận 8,Hãng xe:Honda,Dòng xe:Dòng khác,Loại xe:Tay ga,Dung tích xe:100 - 175 cc,Xuất xứ:Việt Nam,Năm đăng ký:2024,Chính sách bảo hành:Bảo hành hãng,99.999.999 đ,XE MÁY NGUYỄN MINH SƠN,"Phường 2, Quận 8, Tp Hồ Chí Minh",4.6,102đang bán,204đã bán
"Vision Trả Góp 0,79% |Giữ CAVET | Vay Tiền Mặt2024Tay gaMới2.999.999 đhôm qua•Quận 11",Hãng xe:Honda,Dòng xe:Vision,Loại xe:Tay ga,Dung tích xe:100 - 175 cc,Xuất xứ:Việt Nam,Năm đăng ký:2024,Chính sách bảo hành:Bảo hành hãng,2.999.999 đ,Hiếu Xe Trả Góp,"Phường 5, Quận 11, Tp Hồ Chí Minh",4.7,24đang bán,2đã bán
Của hàng xe máy Minh Phượng bán các loại xe ga 50.2024Tay gaMới20.700.000 đhôm qua•Quận Phú Nhuận,Hãng xe:Nioshima,Dòng xe:Nio Fi 50cc,Loại xe:Tay ga,Dung tích xe:Dưới 50 cc,Xuất xứ:Đài Loan,Năm đăng ký:2024,Chính sách bảo hành:Bảo hành hãng,20.700.000 đ,Minh ho.,"Phường 3, Quận Phú Nhuận, Tp Hồ Chí Minh",3.8,4đang bán,9đã bán
GoGor victora 50cc bốc thăm trúng thưởng xe2024Tay gaMới21.800.000 đhôm qua•Quận Tân Phú,Hãng xe:Victory,Dòng xe:Dòng khác,Loại xe:Tay ga,Dung tích xe:Dưới 50 cc,Xuất xứ:Nước khác,Năm đăng ký:2024,Chính sách bảo hành:Bảo hành hãng,21.800.000 đ,CỬA HÀNG XE MÁY PHƯỚC THỌ,"Phường Hòa Thạnh, Quận Tân Phú, Tp Hồ Chí Minh",4.8,58đang bán,486đã bán
vawe 50cc bốc thăm trúng thưởng xe2024Xe sốMới14.800.000 đhôm qua•Quận Tân Phú,Hãng xe:Victory,Dòng xe:Dòng khác,Loại xe:Xe số,Dung tích xe:Dưới 50 cc,Xuất xứ:Đài Loan,Năm đăng ký:2024,Chính sách bảo hành:Bảo hành hãng,14.800.000 đ,CỬA HÀNG XE MÁY PHƯỚC THỌ,"Phường Hòa Thạnh, Quận Tân Phú, Tp Hồ Chí Minh",4.8,58đang bán,486đã bán
"KTM Duke200, BsTP 9 Chủ, xe kiểng 99%, U702022Tay côn/MotoMới47.000.000 đhôm qua•Huyện Nhà Bè",Hãng xe:KTM,Dòng xe:Duke 200,Loại xe:Tay côn/Moto,Dung tích xe:Trên 175 cc,Xuất xứ:Đức,Năm đăng ký:2022,Chính sách bảo hành:Bảo hành hãng,47.000.000 đ,Anh sáu Hoàng,"Xã Phước Kiển, Huyện Nhà Bè, Tp Hồ Chí Minh",,2đang bán,0đã bán
3cần tiền bán nhanh xe Nouvo 42011Tay gaMới5.700.000 đhôm qua•Quận 12Quang Sơn1đã bán1đang bánBấm để hiện sốChat,Hãng xe:Yamaha,Dòng xe:Nouvo,Loại xe:Tay ga,Dung tích xe:100 - 175 cc,Xuất xứ:Nhật Bản,Năm đăng ký:2011,Chính sách bảo hành:Bảo hành hãng,5.700.000 đ,Quang Sơn,"Phường Thạnh Lộc, Quận 12, Tp Hồ Chí Minh",,1đang bán,1đã bán
vespa victoria 50 cc bốc thăm trúng thưởng xe2024Tay gaMới21.800.000 đhôm qua•Quận Tân Phú,Hãng xe:Detech,Dòng xe:Espero,Loại xe:Tay ga,Dung tích xe:Dưới 50 cc,Xuất xứ:Đài Loan,Năm đăng ký:2024,Chính sách bảo hành:Bảo hành hãng,21.800.000 đ,CỬA HÀNG XE MÁY PHƯỚC THỌ,"Phường Hòa Thạnh, Quận Tân Phú, Tp Hồ Chí Minh",4.8,58đang bán,486đã bán
Super Dream 100cc mẫu xe mới 100% chưa lăn bánh2021Xe sốMới13.800.000 đhôm qua•Quận Phú Nhuận,Hãng xe:Hãng khác,Dòng xe:Dòng khác,Loại xe:Xe số,Dung tích xe:100 - 175 cc,Xuất xứ:Việt Nam,Năm đăng ký:2021,Chính sách bảo hành:Bảo hành hãng,13.800.000 đ,Xe39com,"Phường 8, Quận Phú Nhuận, Tp Hồ Chí Minh",4.8,37đang bán,900đã bán
Vision 2023 Siêu lướt mới 99% như xe Thùng2023Tay gaMới34.600.000 đ2 ngày trước•Huyện Hóc Môn,Hãng xe:Honda,Dòng xe:Vision,Loại xe:Tay ga,Dung tích xe:100 - 175 cc,Xuất xứ:Việt Nam,Năm đăng ký:2023,Chính sách bảo hành:Bảo hành hãng,34.600.000 đ,XE LƯỚT 34,"Xã Thới Tam Thôn, Huyện Hóc Môn, Tp Hồ Chí Minh",4.8,2đang bán,235đã bán
Beat 2024 siêu lướt 5000 kilomet2024Tay gaMới23.800.000 đ2 ngày trước•Huyện Hóc Môn,Hãng xe:Honda,Dòng xe:Beat,Loại xe:Tay ga,Dung tích xe:100 - 175 cc,Xuất xứ:Nước khác,Năm đăng ký:2024,Chính sách bảo hành:Bảo hành hãng,23.800.000 đ,XE LƯỚT 34,"Xã Thới Tam Thôn, Huyện Hóc Môn, Tp Hồ Chí Minh",4.8,2đang bán,235đã bán
Xe 50cc Victoria AT88 cực nét ✅2024Tay gaMới21.800.000 đ2 ngày trước•Quận Tân Phú,Hãng xe:Hãng khác,Dòng xe:Dòng khác,Loại xe:Tay ga,Dung tích xe:50 - 100 cc,Xuất xứ:Nước khác,Năm đăng ký:2024,Chính sách bảo hành:Bảo hành hãng,21.800.000 đ,CỬA HÀNG XE MÁY PHƯỚC THỌ,"Phường Hòa Thạnh, Quận Tân Phú, Tp Hồ Chí Minh",4.8,58đang bán,486đã bán
xe mới trúng thưởng thanh lý đã ra biển tp thủ Đức2024Xe sốMới19.000.000 đ3 ngày trước•Quận Gò Vấp,Hãng xe:Honda,Dòng xe:Blade,Loại xe:Xe số,Dung tích xe:100 - 175 cc,Xuất xứ:Việt Nam,Năm đăng ký:2024,Chính sách bảo hành:Bảo hành hãng,19.000.000 đ,Nghĩa,"Phường 3, Quận Gò Vấp, Tp Hồ Chí Minh",,1đang bán,10đã bán
Xe nhập INDO mới 100% và 1 xe lướt 6.000km2024Tay gaMới37.500.000 đ3 ngày trước•Quận 10,Hãng xe:Honda,Dòng xe:Vision,Loại xe:Tay ga,Dung tích xe:100 - 175 cc,Xuất xứ:Nhật Bản,Năm đăng ký:2024,Chính sách bảo hành:Bảo hành hãng,37.500.000 đ,Tiến,"Phường 4, Quận 10, Tp Hồ Chí Minh",5,6đang bán,21đã bán
Xe 50cc Victoria AT88 - Pro nét căng ✅2024Tay gaMới21.800.000 đ3 ngày trước•Quận Tân Phú,Hãng xe:Hãng khác,Dòng xe:Dòng khác,Loại xe:Tay ga,Dung tích xe:50 - 100 cc,Xuất xứ:Nước khác,Năm đăng ký:2024,Chính sách bảo hành:Bảo hành hãng,21.800.000 đ,CỬA HÀNG XE MÁY PHƯỚC THỌ,"Phường Hòa Thạnh, Quận Tân Phú, Tp Hồ Chí Minh",4.8,58đang bán,486đã bán
Cào Cào MTR 80cc 2 Thì . Xe Mới 100%2024Tay gaMới14.000.000 đ3 ngày trước•Quận Phú Nhuận,Hãng xe:Hãng khác,Dòng xe:Dòng khác,Loại xe:Tay ga,Dung tích xe:50 - 100 cc,Xuất xứ:Trung Quốc,Năm đăng ký:2024,Chính sách bảo hành:Bảo hành hãng,14.000.000 đ,Ngọc Huy,"Phường 8, Quận Phú Nhuận, Tp Hồ Chí Minh",4.9,20đang bán,597đã bán
VARIO150 MỚI 100% - ÁO CLICK SIÊU ĐẸP Y HÌNH- GÓP2020Tay gaMới68.000.000 đ4 ngày trước•Quận 8,Hãng xe:Honda,Dòng xe:Vario,Loại xe:Tay ga,Dung tích xe:100 - 175 cc,Xuất xứ:Nước khác,Năm đăng ký:2020,Chính sách bảo hành:Bảo hành hãng,68.000.000 đ,XE MÁY NGUYỄN MINH SƠN,"Phường 2, Quận 8, Tp Hồ Chí Minh",4.6,102đang bán,204đã bán
Honda Beat | Chỉ cần đưa trước 3tr | Vay tiêu dùng2024Tay gaMới31.000.000 đ4 ngày trước•Quận 8,Hãng xe:Honda,Dòng xe:Beat,Loại xe:Tay ga,Dung tích xe:100 - 175 cc,Xuất xứ:Việt Nam,Năm đăng ký:2024,Chính sách bảo hành:Bảo hành hãng,31.000.000 đ,Hiếu Xe Trả Góp,"Phường 2, Quận 8, Tp Hồ Chí Minh",4.7,24đang bán,2đã bán
+36VESPA PRIMAVERA S 125 TRẢ GÓP ĐƠN GIẢN2024Tay gaMới80.000.000 đ4 ngày trước•Quận 1VESPA TOPCOM OFFICIAL STORE5.02đã bán36đang bánBấm để hiện sốChat,Hãng xe:Piaggio,Dòng xe:Vespa,Loại xe:Tay ga,Dung tích xe:100 - 175 cc,Xuất xứ:Nước khác,Năm đăng ký:2024,Chính sách bảo hành:Bảo hành hãng,80.000.000 đ,VESPA TOPCOM OFFICIAL STORE,"Phường Bến Nghé, Quận 1, Tp Hồ Chí Minh",5,36đang bán,2đã bán
4PIAGGIO LIBERTY S 125 TRẢ TRƯỚC 17TR NHẬN XE NGAY2024Tay gaMới57.700.000 đ4 ngày trước•Quận 3VESPA TOPCOM OFFICIAL STORE5.02đã bán36đang bánBấm để hiện sốChat,Hãng xe:Piaggio,Dòng xe:Liberty,Loại xe:Tay ga,Dung tích xe:100 - 175 cc,Xuất xứ:Việt Nam,Năm đăng ký:2024,Chính sách bảo hành:Bảo hành hãng,57.700.000 đ,VESPA TOPCOM OFFICIAL STORE,"Phường Võ Thị Sáu, Quận 3, Tp Hồ Chí Minh",5,36đang bán,2đã bán
+25VESPA SPRINT S 125 ABS PHÍ TRẢ GÓP 0Đ2024Tay gaMới83.300.000 đ4 ngày trước•Quận 1VESPA TOPCOM OFFICIAL STORE5.02đã bán36đang bánBấm để hiện sốChat,Hãng xe:Piaggio,Dòng xe:Vespa,Loại xe:Tay ga,Dung tích xe:100 - 175 cc,Xuất xứ:Việt Nam,Năm đăng ký:2024,Chính sách bảo hành:Bảo hành hãng,83.300.000 đ,VESPA TOPCOM OFFICIAL STORE,"Phường Cầu Ông Lãnh, Quận 1, Tp Hồ Chí Minh",5,36đang bán,2đã bán
+36PIAGGIO MEDLEY S 125 ABS KÈM BỘ QUÀ TẶNG ĐẶC BIỆT2024Tay gaMới80.000.000 đ4 ngày trước•Quận 10VESPA TOPCOM OFFICIAL STORE5.02đã bán36đang bánBấm để hiện sốChat,Hãng xe:Piaggio,Dòng xe:Medley,Loại xe:Tay ga,Dung tích xe:100 - 175 cc,Xuất xứ:Việt Nam,Năm đăng ký:2024,Chính sách bảo hành:Bảo hành hãng,80.000.000 đ,VESPA TOPCOM OFFICIAL STORE,"Phường 13, Quận 10, Tp Hồ Chí Minh",5,36đang bán,2đã bán
+36VESPA SPRINT CARBON 125 HỖ TRỢ TRẢ GÓP 0% LÃI SUẤT2024Tay gaMới84.600.000 đ4 ngày trước•Quận 3VESPA TOPCOM OFFICIAL STORE5.02đã bán36đang bánBấm để hiện sốChat,Hãng xe:Piaggio,Dòng xe:Vespa,Loại xe:Tay ga,Dung tích xe:100 - 175 cc,Xuất xứ:Nước khác,Năm đăng ký:2024,Chính sách bảo hành:Bảo hành hãng,84.600.000 đ,VESPA TOPCOM OFFICIAL STORE,"Phường 5, Quận 3, Tp Hồ Chí Minh",5,36đang bán,2đã bán
+36VESPA SPRINT 125 ABS 2024 - TRẢ TRƯỚC 24TR NHẬN XE2024Tay gaMới81.000.000 đ4 ngày trước•Quận 1VESPA TOPCOM OFFICIAL STORE5.02đã bán36đang bánBấm để hiện sốChat,Hãng xe:Piaggio,Dòng xe:Vespa,Loại xe:Tay ga,Dung tích xe:100 - 175 cc,Xuất xứ:Nước khác,Năm đăng ký:2024,Chính sách bảo hành:Bảo hành hãng,81.000.000 đ,VESPA TOPCOM OFFICIAL STORE,"Phường Nguyễn Cư Trinh, Quận 1, Tp Hồ Chí Minh",5,36đang bán,2đã bán
4VESPA SPRINT 125 ABS KÈM PHẦN QUÀ GIÁ TRỊ2024Tay gaMới83.300.000 đ4 ngày trước•Quận 3VESPA TOPCOM OFFICIAL STORE5.02đã bán36đang bánBấm để hiện sốChat,Hãng xe:Piaggio,Dòng xe:Vespa,Loại xe:Tay ga,Dung tích xe:100 - 175 cc,Xuất xứ:Nước khác,Năm đăng ký:2024,Chính sách bảo hành:Bảo hành hãng,83.300.000 đ,VESPA TOPCOM OFFICIAL STORE,"Phường 5, Quận 3, Tp Hồ Chí Minh",5,36đang bán,2đã bán
+25VESPA SPRINT S 150 ABS - COMBO QUÀ TẶNG HẤP DẪN2024Tay gaMới97.800.000 đ4 ngày trước•Quận 1VESPA TOPCOM OFFICIAL STORE5.02đã bán36đang bánBấm để hiện sốChat,Hãng xe:Piaggio,Dòng xe:Vespa,Loại xe:Tay ga,Dung tích xe:100 - 175 cc,Xuất xứ:Nước khác,Năm đăng ký:2024,Chính sách bảo hành:Bảo hành hãng,97.800.000 đ,VESPA TOPCOM OFFICIAL STORE,"Phường Bến Nghé, Quận 1, Tp Hồ Chí Minh",5,36đang bán,2đã bán
Yamaha yaz 125 vàng đen2023Tay côn/MotoMới33.000.000 đ4 ngày trước•Quận 3,Hãng xe:Yamaha,Dòng xe:YAZ,Loại xe:Tay côn/Moto,Dung tích xe:100 - 175 cc,Xuất xứ:Việt Nam,Năm đăng ký:2023,Chính sách bảo hành:Bảo hành hãng,33.000.000 đ,Hưng Phát,"Phường 3, Quận 3, Tp Hồ Chí Minh",,7đang bán,0đã bán
"FUTURE | Lãi suất 0,79% | Hỗ trợ vay tiền mặt2024Xe sốMới38.000.000 đ4 ngày trước•Quận 8",Hãng xe:Honda,Dòng xe:Future,Loại xe:Xe số,Dung tích xe:100 - 175 cc,Xuất xứ:Việt Nam,Năm đăng ký:2024,Chính sách bảo hành:Bảo hành hãng,38.000.000 đ,Hiếu Xe Trả Góp,"Phường 3, Quận 8, Tp Hồ Chí Minh",4.7,24đang bán,2đã bán
Victora Vepsa 50cc bốc thăm trúng thưởng xe2024Tay gaMới21.800.000 đ4 ngày trước•Quận Tân Phú,Hãng xe:Victory,Dòng xe:Dòng khác,Loại xe:Tay ga,Dung tích xe:Dưới 50 cc,Xuất xứ:Nước khác,Năm đăng ký:2024,Chính sách bảo hành:Bảo hành hãng,21.800.000 đ,CỬA HÀNG XE MÁY PHƯỚC THỌ,"Phường Hòa Thạnh, Quận Tân Phú, Tp Hồ Chí Minh",4.8,58đang bán,486đã bán
YAMAHA PG-1 | Hỗ trợ trả góp | Hỗ trợ vay tiền2024Tay côn/MotoMới31.000.000 đ4 ngày trước•Quận 8,Hãng xe:Yamaha,Dòng xe:Dòng khác,Loại xe:Tay côn/Moto,Dung tích xe:100 - 175 cc,Xuất xứ:Nước khác,Năm đăng ký:2024,Chính sách bảo hành:Bảo hành hãng,31.000.000 đ,Hiếu Xe Trả Góp,"Phường 2, Quận 8, Tp Hồ Chí Minh",4.7,24đang bán,2đã bán
xe cup 82/50cc mới đài Loan bốc thăm trúng thưởng2024Xe sốMới14.800.000 đ5 ngày trước•Quận Tân Phú,Hãng xe:Hãng khác,Dòng xe:Dòng khác,Loại xe:Xe số,Dung tích xe:Dưới 50 cc,Xuất xứ:Đài Loan,Năm đăng ký:2024,Chính sách bảo hành:Bảo hành hãng,14.800.000 đ,CỬA HÀNG XE MÁY PHƯỚC THỌ,"Phường Hòa Thạnh, Quận Tân Phú, Tp Hồ Chí Minh",4.8,58đang bán,486đã bán
vespa 50cc victoria bốc thăm trúng thưởng xe2024Tay gaMới21.800.000 đ5 ngày trước•Quận Tân Phú,Hãng xe:Hãng khác,Dòng xe:Dòng khác,Loại xe:Tay ga,Dung tích xe:Dưới 50 cc,Xuất xứ:Đài Loan,Năm đăng ký:2024,Chính sách bảo hành:Bảo hành hãng,21.800.000 đ,CỬA HÀNG XE MÁY PHƯỚC THỌ,"Phường Hòa Thạnh, Quận Tân Phú, Tp Hồ Chí Minh",4.8,58đang bán,486đã bán
Xã Lỗ SH350i Lướt Biển SG Lên Đến 9 Củ Hỗ Trợ Góp2023Tay gaMới93.939.939 đ5 ngày trước•Quận 11,Hãng xe:Honda,Dòng xe:SH,Loại xe:Tay ga,Dung tích xe:Trên 175 cc,Xuất xứ:Thái Lan,Năm đăng ký:2023,Chính sách bảo hành:Bảo hành hãng,93.939.939 đ,Tâm Kha SH,"Phường 6, Quận 11, Tp Hồ Chí Minh",,1đang bán,0đã bán
Yamaha yaz 125 vàng đen mới 98%2023Tay côn/MotoMới36.000.000 đ5 ngày trước•Quận 3,Hãng xe:Yamaha,Dòng xe:YAZ,Loại xe:Tay côn/Moto,Dung tích xe:100 - 175 cc,Xuất xứ:Nước khác,Năm đăng ký:2023,Chính sách bảo hành:Bảo hành hãng,36.000.000 đ,Hưng Phát,"Phường 3, Quận 3, Tp Hồ Chí Minh",,7đang bán,0đã bán
khui thùng xe đạp máy 2 thì xăng pha nhớt Nhật2024Tay côn/MotoMới60.000.000 đ6 ngày trước•Quận Bình Tân,Hãng xe:Hãng khác,Dòng xe:Dòng khác,Loại xe:Tay côn/Moto,Dung tích xe:Dưới 50 cc,Xuất xứ:Nhật Bản,Năm đăng ký:2024,Chính sách bảo hành:Bảo hành hãng,60.000.000 đ,Hoa Tran,"Phường An Lạc, Quận Bình Tân, Tp Hồ Chí Minh",,5đang bán,0đã bán
"xe cup 83,50cc Victoria mới bốc thăm trúng thưởng2024Xe sốMới15.800.000 đ6 ngày trước•Quận Tân Phú",Hãng xe:Victory,Dòng xe:Dòng khác,Loại xe:Xe số,Dung tích xe:Dưới 50 cc,Xuất xứ:Đài Loan,Năm đăng ký:2024,Chính sách bảo hành:Bảo hành hãng,15.800.000 đ,CỬA HÀNG XE MÁY PHƯỚC THỌ,"Phường Hòa Thạnh, Quận Tân Phú, Tp Hồ Chí Minh",4.8,58đang bán,486đã bán
Sirius 50cc Victoria bốc thăm trúng thưởng xe2024Xe sốMới15.800.000 đ6 ngày trước•Quận Tân Phú,Hãng xe:Victory,Dòng xe:Dòng khác,Loại xe:Xe số,Dung tích xe:Dưới 50 cc,Xuất xứ:Đài Loan,Năm đăng ký:2024,Chính sách bảo hành:Bảo hành hãng,15.800.000 đ,CỬA HÀNG XE MÁY PHƯỚC THỌ,"Phường Hòa Thạnh, Quận Tân Phú, Tp Hồ Chí Minh",4.8,58đang bán,486đã bán
cúp đài Loan 87/50 mới 100% bốc thăm trúng thưởng2024Xe sốMới14.800.000 đ6 ngày trước•Quận Tân Phú,Hãng xe:Honda,Dòng xe:Cub,Loại xe:Xe số,Dung tích xe:Dưới 50 cc,Xuất xứ:Đài Loan,Năm đăng ký:2024,Chính sách bảo hành:Bảo hành hãng,14.800.000 đ,CỬA HÀNG XE MÁY PHƯỚC THỌ,"Phường Hòa Thạnh, Quận Tân Phú, Tp Hồ Chí Minh",4.8,58đang bán,486đã bán
Xe ex 155 2024 bản màu nâu sữa biển thành phố2024Tay côn/MotoMới43.000.000 đ6 ngày trước•Thành phố Thủ Đức,Hãng xe:Yamaha,Dòng xe:Exciter,Loại xe:Tay côn/Moto,Dung tích xe:100 - 175 cc,Xuất xứ:Việt Nam,Năm đăng ký:2024,Chính sách bảo hành:Bảo hành hãng,43.000.000 đ,ngonhpro,"Phường Tăng Nhơn Phú A (Quận 9 cũ), Thành phố Thủ Đức, Tp Hồ Chí Minh",,1đang bán,6đã bán
Scoopy 110cc Nhập Indo2024Tay gaMới39.500.000 đ6 ngày trước•Quận 10,Hãng xe:Honda,Dòng xe:Scoopy,Loại xe:Tay ga,Dung tích xe:100 - 175 cc,Xuất xứ:Nước khác,Năm đăng ký:2024,Chính sách bảo hành:Bảo hành hãng,39.500.000 đ,Phúc Hải,"Phường 13, Quận 10, Tp Hồ Chí Minh",,3đang bán,0đã bán
"BÁN XE MỚI 50cc,tặng xe 20 triệu2024Tay gaMới14.800.000 đ6 ngày trước•Quận Tân Phú",Hãng xe:Hãng khác,Dòng xe:Dòng khác,Loại xe:Tay ga,Dung tích xe:Dưới 50 cc,Xuất xứ:Đài Loan,Năm đăng ký:2024,Chính sách bảo hành:Bảo hành hãng,14.800.000 đ,CỬA HÀNG XE MÁY PHƯỚC THỌ,"Phường Hòa Thạnh, Quận Tân Phú, Tp Hồ Chí Minh",4.8,58đang bán,486đã bán
"Airblade trả trước 5tr | Lãi suât 0,79% - vay tiền2024Tay gaMới4.999.999 đ6 ngày trước•Quận 11",Hãng xe:Honda,Dòng xe:Air Blade,Loại xe:Tay ga,Dung tích xe:100 - 175 cc,Xuất xứ:Việt Nam,Năm đăng ký:2024,Chính sách bảo hành:Bảo hành hãng,4.999.999 đ,Hiếu Xe Trả Góp,"Phường 5, Quận 11, Tp Hồ Chí Minh",4.7,24đang bán,2đã bán
xe vespa50cc bốc thăm trúng thưởng xe2024Tay gaMới21.800.000 đ7 ngày trước•Quận Tân Phú,Hãng xe:Victory,Dòng xe:Dòng khác,Loại xe:Tay ga,Dung tích xe:Dưới 50 cc,Xuất xứ:Đài Loan,Năm đăng ký:2024,Chính sách bảo hành:Bảo hành hãng,21.800.000 đ,CỬA HÀNG XE MÁY PHƯỚC THỌ,"Phường Hòa Thạnh, Quận Tân Phú, Tp Hồ Chí Minh",4.8,58đang bán,486đã bán
sh350 mới 100%2024Tay gaMới140.000.000 đ1 tuần trước•Quận Bình Thạnh,Hãng xe:Honda,Dòng xe:SH,Loại xe:Tay ga,Dung tích xe:Trên 175 cc,Xuất xứ:Việt Nam,Năm đăng ký:2024,Chính sách bảo hành:Bảo hành hãng,140.000.000 đ,Phi Trần,"Phường 5, Quận Bình Thạnh, Tp Hồ Chí Minh",2.4,8đang bán,13đã bán
Vepsa Victoria 50cc bốc thăm trúng thưởng xe2024Tay gaMới21.800.000 đ1 tuần trước•Quận Tân Phú,Hãng xe:Victory,Dòng xe:Dòng khác,Loại xe:Tay ga,Dung tích xe:Dưới 50 cc,Xuất xứ:Đài Loan,Năm đăng ký:2024,Chính sách bảo hành:Bảo hành hãng,21.800.000 đ,CỬA HÀNG XE MÁY PHƯỚC THỌ,"Phường Hòa Thạnh, Quận Tân Phú, Tp Hồ Chí Minh",4.8,58đang bán,486đã bán
mionr 50cc bốc thăm trúng thưởng xe2024Tay gaMới17.500.000 đ1 tuần trước•Quận Tân Phú,Hãng xe:Hãng khác,Dòng xe:Dòng khác,Loại xe:Tay ga,Dung tích xe:Dưới 50 cc,Xuất xứ:Đài Loan,Năm đăng ký:2024,Chính sách bảo hành:Bảo hành hãng,17.500.000 đ,CỬA HÀNG XE MÁY PHƯỚC THỌ,"Phường Hòa Thạnh, Quận Tân Phú, Tp Hồ Chí Minh",4.8,58đang bán,486đã bán
Honda Wave | Trả trước 0Đ | Hỗ trợ vay tiền mặt2024Xe sốMới1.999.999 đ1 tuần trước•Quận 8,Hãng xe:Honda,Dòng xe:Wave,Loại xe:Xe số,Dung tích xe:100 - 175 cc,Xuất xứ:Việt Nam,Năm đăng ký:2024,Chính sách bảo hành:Bảo hành hãng,1.999.999 đ,Hiếu Xe Trả Góp,"Phường 3, Quận 8, Tp Hồ Chí Minh",4.7,24đang bán,2đã bán
Yaz Sườn Lốc Zin(full đồ zin xé bịch)2024Tay côn/MotoMới75.000.000 đ1 tuần trước•Huyện Hóc Môn,Hãng xe:Yamaha,Dòng xe:YAZ,Loại xe:Tay côn/Moto,Dung tích xe:100 - 175 cc,Xuất xứ:Việt Nam,Năm đăng ký:2024,Chính sách bảo hành:Bảo hành hãng,75.000.000 đ,Sang Yaz,"Xã Trung Chánh, Huyện Hóc Môn, Tp Hồ Chí Minh",5,1đang bán,4đã bán
VESPA CHÍNH CHỦ2001Tay côn/MotoMới100.000.000 đ1 tuần trước•Quận Bình Thạnh,Hãng xe:Hãng khác,Dòng xe:Dòng khác,Loại xe:Tay côn/Moto,Dung tích xe:100 - 175 cc,Xuất xứ:Nước khác,Năm đăng ký:2001,Chính sách bảo hành:Bảo hành hãng,100.000.000 đ,Kyo,"Phường 25, Quận Bình Thạnh, Tp Hồ Chí Minh",,1đang bán,0đã bán
vespa xăng victoria bốc thăm trúng thưởng xe2024Tay gaMới21.800.000 đ1 tuần trước•Quận Tân Phú,Hãng xe:Victory,Dòng xe:Dòng khác,Loại xe:Tay ga,Dung tích xe:Dưới 50 cc,Xuất xứ:Đài Loan,Năm đăng ký:2024,Chính sách bảo hành:Bảo hành hãng,21.800.000 đ,CỬA HÀNG XE MÁY PHƯỚC THỌ,"Phường Hòa Thạnh, Quận Tân Phú, Tp Hồ Chí Minh",4.8,58đang bán,486đã bán
xe Wave 50cc mới thăm trúng thưởng xe2024Xe sốMới14.800.000 đ1 tuần trước•Quận Tân Phú,Hãng xe:Honda,Dòng xe:Wave,Loại xe:Xe số,Dung tích xe:Dưới 50 cc,Xuất xứ:Đài Loan,Năm đăng ký:2024,Chính sách bảo hành:Bảo hành hãng,14.800.000 đ,CỬA HÀNG XE MÁY PHƯỚC THỌ,"Phường Hòa Thạnh, Quận Tân Phú, Tp Hồ Chí Minh",4.8,58đang bán,486đã bán
Yamaha yaz 125 xanh movistar mới 95%2023Tay côn/MotoMới36.000.000 đ1 tuần trước•Quận 3,Hãng xe:Yamaha,Dòng xe:YAZ,Loại xe:Tay côn/Moto,Dung tích xe:100 - 175 cc,Xuất xứ:Nước khác,Năm đăng ký:2023,Chính sách bảo hành:Bảo hành hãng,36.000.000 đ,Hưng Phát,"Phường 3, Quận 3, Tp Hồ Chí Minh",,7đang bán,0đã bán
Vespa victory 50cc bốc thăm trúng thưởng xe2024Tay gaMới21.800.000 đ1 tuần trước•Quận Tân Phú,Hãng xe:Victory,Dòng xe:Dòng khác,Loại xe:Tay ga,Dung tích xe:Dưới 50 cc,Xuất xứ:Đài Loan,Năm đăng ký:2024,Chính sách bảo hành:Bảo hành hãng,21.800.000 đ,CỬA HÀNG XE MÁY PHƯỚC THỌ,"Phường Hòa Thạnh, Quận Tân Phú, Tp Hồ Chí Minh",4.8,58đang bán,486đã bán
sh 350 new 100%2022Tay gaMới148.000.000 đ1 tuần trước•Quận Gò Vấp,Hãng xe:Honda,Dòng xe:SH,Loại xe:Tay ga,Dung tích xe:Trên 175 cc,Xuất xứ:Việt Nam,Năm đăng ký:2022,Chính sách bảo hành:Bảo hành hãng,148.000.000 đ,Quân,"Phường 11, Quận Gò Vấp, Tp Hồ Chí Minh",5,1đang bán,0đã bán
Vawe 50cc bốc thăm trúng thưởng xe2024Xe sốMới14.800.000 đ1 tuần trước•Quận Tân Phú,Hãng xe:Victory,Dòng xe:Dòng khác,Loại xe:Xe số,Dung tích xe:Dưới 50 cc,Xuất xứ:Đài Loan,Năm đăng ký:2024,Chính sách bảo hành:Bảo hành hãng,14.800.000 đ,CỬA HÀNG XE MÁY PHƯỚC THỌ,"Phường Hòa Thạnh, Quận Tân Phú, Tp Hồ Chí Minh",4.8,58đang bán,486đã bán
"Cần góp cửa hàng xe future 125 fi, giá tầm 12t2015Xe sốMới12.000.000 đ1 tuần trước•Huyện Hóc Môn",Hãng xe:Honda,Dòng xe:Future,Loại xe:Xe số,Dung tích xe:Không biết rõ,Xuất xứ:Nhật Bản,Năm đăng ký:2015,Chính sách bảo hành:Bảo hành hãng,12.000.000 đ,dieu,"Xã Xuân Thới Thượng, Huyện Hóc Môn, Tp Hồ Chí Minh",,1đang bán,0đã bán
Suzuki rgx 2003 vàng trắng mới 98%2023Tay côn/MotoMới26.800.000 đ1 tuần trước•Quận 3,Hãng xe:Suzuki,Dòng xe:Sport / Xipo,Loại xe:Tay côn/Moto,Dung tích xe:100 - 175 cc,Xuất xứ:Nước khác,Năm đăng ký:2023,Chính sách bảo hành:Bảo hành hãng,26.800.000 đ,Hưng Phát,"Phường 3, Quận 3, Tp Hồ Chí Minh",,7đang bán,0đã bán
"Xe Crea victora 50cc, bốc thăm trúng thưởng xe2024Tay gaMới20.000.000 đ1 tuần trước•Quận Tân Phú",Hãng xe:Honda,Dòng xe:Dòng khác,Loại xe:Tay ga,Dung tích xe:Dưới 50 cc,Xuất xứ:Nước khác,Năm đăng ký:2024,Chính sách bảo hành:Bảo hành hãng,20.000.000 đ,CỬA HÀNG XE MÁY PHƯỚC THỌ,"Phường Hòa Thạnh, Quận Tân Phú, Tp Hồ Chí Minh",4.8,58đang bán,486đã bán
"SHMODE | Trả góp chỉ 0,79% | Hỗ trợ vay tiêu dùng2024Tay gaMới15.000.000 đ1 tuần trước•Quận 8",Hãng xe:Honda,Dòng xe:SH Mode,Loại xe:Tay ga,Dung tích xe:100 - 175 cc,Xuất xứ:Việt Nam,Năm đăng ký:2024,Chính sách bảo hành:Bảo hành hãng,15.000.000 đ,Hiếu Xe Trả Góp,"Phường 3, Quận 8, Tp Hồ Chí Minh",4.7,24đang bán,2đã bán
"Gogo 50cc mới 100 %, bốc thăm trúng thưởng xe2024Tay gaMới17.500.000 đ1 tuần trước•Quận Tân Phú",Hãng xe:Hãng khác,Dòng xe:Dòng khác,Loại xe:Tay ga,Dung tích xe:Dưới 50 cc,Xuất xứ:Nước khác,Năm đăng ký:2024,Chính sách bảo hành:Bảo hành hãng,17.500.000 đ,CỬA HÀNG XE MÁY PHƯỚC THỌ,"Phường Hòa Thạnh, Quận Tân Phú, Tp Hồ Chí Minh",4.8,58đang bán,486đã bán
Yamaha yaz 125 đen mới 95%2023Tay côn/MotoMới33.000.000 đ1 tuần trước•Quận 3,Hãng xe:Yamaha,Dòng xe:YAZ,Loại xe:Tay côn/Moto,Dung tích xe:100 - 175 cc,Xuất xứ:Nước khác,Năm đăng ký:2023,Chính sách bảo hành:Bảo hành hãng,33.000.000 đ,Hưng Phát,"Phường 3, Quận 3, Tp Hồ Chí Minh",,7đang bán,0đã bán
xe crea 50cc bốc thăm trúng thưởng xe2024Tay gaMới22.800.000 đ1 tuần trước•Quận Tân Phú,Hãng xe:Hãng khác,Dòng xe:Dòng khác,Loại xe:Tay ga,Dung tích xe:Dưới 50 cc,Xuất xứ:Đài Loan,Năm đăng ký:2024,Chính sách bảo hành:Bảo hành hãng,22.800.000 đ,CỬA HÀNG XE MÁY PHƯỚC THỌ,"Phường Hòa Thạnh, Quận Tân Phú, Tp Hồ Chí Minh",4.8,58đang bán,486đã bán
xe ga 50cc Victoria bốc thăm trúng thưởng2024Tay gaMới21.800.000 đ1 tuần trước•Quận Tân Phú,Hãng xe:Hãng khác,Dòng xe:Dòng khác,Loại xe:Tay ga,Dung tích xe:Dưới 50 cc,Xuất xứ:Đài Loan,Năm đăng ký:2024,Chính sách bảo hành:Bảo hành hãng,21.800.000 đ,CỬA HÀNG XE MÁY PHƯỚC THỌ,"Phường Hòa Thạnh, Quận Tân Phú, Tp Hồ Chí Minh",4.8,58đang bán,486đã bán
Super Cub 125 Thái Lan 20252024Xe sốMới116.000.000 đ2 tuần trước•Quận 10,Hãng xe:Honda,Dòng xe:Cub,Loại xe:Xe số,Dung tích xe:100 - 175 cc,Xuất xứ:Thái Lan,Năm đăng ký:2024,Chính sách bảo hành:Bảo hành hãng,116.000.000 đ,Head Dân Phương,"Phường 11, Quận 10, Tp Hồ Chí Minh",,1đang bán,0đã bán
💥 Harley-Davidson Breakout Màu Bạc - Atlas Silver2024Tay côn/MotoMới949.000.000 đ2 tuần trước•Thành phố Thủ Đức,Hãng xe:Harley Davidson,Dòng xe:Softail,Loại xe:Tay côn/Moto,Dung tích xe:Trên 175 cc,Xuất xứ:Thái Lan,Năm đăng ký:2024,Chính sách bảo hành:Bảo hành hãng,949.000.000 đ,Tùng Nguyễn Harley,"Phường An Lợi Đông (Quận 2 cũ), Thành phố Thủ Đức, Tp Hồ Chí Minh",5,11đang bán,4đã bán
Vespa VERA S 50cc bốc thăm trúng thưởng xe2024Tay gaMới21.800.000 đ2 tuần trước•Quận Tân Phú,Hãng xe:Piaggio,Dòng xe:Vespa,Loại xe:Tay ga,Dung tích xe:50 - 100 cc,Xuất xứ:Nước khác,Năm đăng ký:2024,Chính sách bảo hành:Bảo hành hãng,21.800.000 đ,CỬA HÀNG XE MÁY PHƯỚC THỌ,"Phường Hòa Thạnh, Quận Tân Phú, Tp Hồ Chí Minh",4.8,58đang bán,486đã bán
+36sh350 new đỏ2024Tay gaMới128.800.000 đ2 tuần trước•Quận Bình ThạnhPhi Trần2.413đã bán8đang bánBấm để hiện sốChat,Hãng xe:Honda,Dòng xe:SH,Loại xe:Tay ga,Dung tích xe:Trên 175 cc,Xuất xứ:Việt Nam,Năm đăng ký:2024,Chính sách bảo hành:Bảo hành hãng,128.800.000 đ,Phi Trần,"Phường 5, Quận Bình Thạnh, Tp Hồ Chí Minh",2.4,8đang bán,13đã bán
Sirius Victoria 50cc bốc thăm trúng thưởng xe2024Xe sốMới15.800.000 đ2 tuần trước•Quận Tân Phú,Hãng xe:Victory,Dòng xe:Dòng khác,Loại xe:Xe số,Dung tích xe:Dưới 50 cc,Xuất xứ:Đài Loan,Năm đăng ký:2024,Chính sách bảo hành:Bảo hành hãng,15.800.000 đ,CỬA HÀNG XE MÁY PHƯỚC THỌ,"Phường Hòa Thạnh, Quận Tân Phú, Tp Hồ Chí Minh",4.8,58đang bán,486đã bán
Cup 50cc Victoria bốc thăm trúng thưởng2024Xe sốMới15.800.000 đ2 tuần trước•Quận Tân Phú,Hãng xe:Victory,Dòng xe:Dòng khác,Loại xe:Xe số,Dung tích xe:Dưới 50 cc,Xuất xứ:Đài Loan,Năm đăng ký:2024,Chính sách bảo hành:Bảo hành hãng,15.800.000 đ,CỬA HÀNG XE MÁY PHƯỚC THỌ,"Phường Tân Thành, Quận Tân Phú, Tp Hồ Chí Minh",4.8,58đang bán,486đã bán
XE VESPA ( VERA ) 50cc MỚI 100%2024Tay gaMới21.800.000 đ2 tuần trước•Quận 6,Hãng xe:Piaggio,Dòng xe:Vespa,Loại xe:Tay ga,Dung tích xe:Dưới 50 cc,Xuất xứ:Việt Nam,Năm đăng ký:2024,Chính sách bảo hành:Bảo hành hãng,21.800.000 đ,Cửa Hàng Xe Máy TRƯỚC NGUYỄN,"Phường 10, Quận 6, Tp Hồ Chí Minh",4.3,7đang bán,112đã bán
Ex 155 phanh Abs bản cc. hỗ trợ mua góp2024Tay côn/MotoMới49.000.000 đ2 tuần trước•Huyện Củ Chi,Hãng xe:Yamaha,Dòng xe:Exciter,Loại xe:Tay côn/Moto,Dung tích xe:100 - 175 cc,Xuất xứ:Việt Nam,Năm đăng ký:2024,Chính sách bảo hành:Bảo hành hãng,49.000.000 đ,Cửa hàng Xe Máy Nhập Khẩu Củ Chi,"Thị trấn Củ Chi, Huyện Củ Chi, Tp Hồ Chí Minh",,9đang bán,0đã bán
Shak 125 SWM bs tp chính chủ xe đẹp2011Tay gaMới9.500.000 đ2 tuần trước•Quận Tân Phú,Hãng xe:SYM,Dòng xe:Shark,Loại xe:Tay ga,Dung tích xe:100 - 175 cc,Xuất xứ:Việt Nam,Năm đăng ký:2011,Chính sách bảo hành:Bảo hành hãng,9.500.000 đ,Xe Máy Lâm 290,"Phường Hòa Thạnh, Quận Tân Phú, Tp Hồ Chí Minh",5,5đang bán,236đã bán
⚜️🏍️ Harley-Davidson Sportster S 1250cc 🏍️💥2024Tay côn/MotoMới639.000.000 đ2 tuần trước•Quận 7,Hãng xe:Harley Davidson,Dòng xe:Sportster,Loại xe:Tay côn/Moto,Dung tích xe:Trên 175 cc,Xuất xứ:Thái Lan,Năm đăng ký:2024,Chính sách bảo hành:Bảo hành hãng,639.000.000 đ,Tùng Nguyễn Harley,"Phường Tân Phú, Quận 7, Tp Hồ Chí Minh",5,11đang bán,4đã bán
Cup 82/50cc mới bốc thăm trúng thưởng xe2024Xe sốMới14.800.000 đ2 tuần trước•Quận Tân Phú,Hãng xe:Victory,Dòng xe:Dòng khác,Loại xe:Xe số,Dung tích xe:Dưới 50 cc,Xuất xứ:Đài Loan,Năm đăng ký:2024,Chính sách bảo hành:Bảo hành hãng,14.800.000 đ,CỬA HÀNG XE MÁY PHƯỚC THỌ,"Phường Hòa Thạnh, Quận Tân Phú, Tp Hồ Chí Minh",4.8,58đang bán,486đã bán
VERA S 50cc mới bốc thăm trúng thưởng xe 20 triệu2024Tay gaMới21.800.000 đ2 tuần trước•Quận Tân Phú,Hãng xe:Detech,Dòng xe:Dòng khác,Loại xe:Tay ga,Dung tích xe:Dưới 50 cc,Xuất xứ:Nước khác,Năm đăng ký:2024,Chính sách bảo hành:Bảo hành hãng,21.800.000 đ,CỬA HÀNG XE MÁY PHƯỚC THỌ,"Phường Hòa Thạnh, Quận Tân Phú, Tp Hồ Chí Minh",4.8,58đang bán,486đã bán
xe Vawe 50 cc bốc thăm trúng thưởng xe2024Xe sốMới14.800.000 đ2 tuần trước•Quận Tân Phú,Hãng xe:Victory,Dòng xe:Dòng khác,Loại xe:Xe số,Dung tích xe:Dưới 50 cc,Xuất xứ:Đài Loan,Năm đăng ký:2024,Chính sách bảo hành:Bảo hành hãng,14.800.000 đ,CỬA HÀNG XE MÁY PHƯỚC THỌ,"Phường Hòa Thạnh, Quận Tân Phú, Tp Hồ Chí Minh",4.8,58đang bán,486đã bán
Bán gấp2018Tay gaMới30.000.000 đ2 tuần trước•Quận 12,Hãng xe:Suzuki,Dòng xe:GSX,Loại xe:Tay ga,Dung tích xe:100 - 175 cc,Xuất xứ:Nhật Bản,Năm đăng ký:2018,Chính sách bảo hành:Bảo hành hãng,30.000.000 đ,Lê văn cử,"Phường Thạnh Xuân, Quận 12, Tp Hồ Chí Minh",,2đang bán,0đã bán
Vespa s 50cc mới 100 % bốc thăm trúng thưởng xe2024Tay gaMới21.800.000 đ2 tuần trước•Quận Tân Phú,Hãng xe:Victory,Dòng xe:Dòng khác,Loại xe:Tay ga,Dung tích xe:Dưới 50 cc,Xuất xứ:Nước khác,Năm đăng ký:2024,Chính sách bảo hành:Bảo hành hãng,21.800.000 đ,CỬA HÀNG XE MÁY PHƯỚC THỌ,"Phường Hòa Thạnh, Quận Tân Phú, Tp Hồ Chí Minh",4.8,58đang bán,486đã bán
+36[SALES] HONDA CB650R 2024 E-CLUTCH NEW CHÍNH HÃNG2024Tay côn/MotoMới269.990.000 đ2 tuần trước•Quận 11Lương Thị Hồng Thắm5.01đã bán2đang bánBấm để hiện sốChat,Hãng xe:Honda,Dòng xe:CB,Loại xe:Tay côn/Moto,Dung tích xe:Trên 175 cc,Xuất xứ:Nhật Bản,Năm đăng ký:2024,Chính sách bảo hành:Bảo hành hãng,269.990.000 đ,Lương Thị Hồng Thắm,"Phường 13, Quận 11, Tp Hồ Chí Minh",5,2đang bán,1đã bán
xe vario nhập khẩu indo . hỗ trợ mua góp2024Tay gaMới40.000.000 đ2 tuần trước•Huyện Củ Chi,Hãng xe:Honda,Dòng xe:Vario,Loại xe:Tay ga,Dung tích xe:100 - 175 cc,Xuất xứ:Nước khác,Năm đăng ký:2024,Chính sách bảo hành:Bảo hành hãng,40.000.000 đ,Cửa hàng Xe Máy Nhập Khẩu Củ Chi,"Thị trấn Củ Chi, Huyện Củ Chi, Tp Hồ Chí Minh",,9đang bán,0đã bán
xe vawe 50cc bốc thăm trúng thưởng xe2024Xe sốMới14.800.000 đ2 tuần trước•Quận Tân Phú,Hãng xe:Victory,Dòng xe:Dòng khác,Loại xe:Xe số,Dung tích xe:Dưới 50 cc,Xuất xứ:Đài Loan,Năm đăng ký:2024,Chính sách bảo hành:Bảo hành hãng,14.800.000 đ,CỬA HÀNG XE MÁY PHƯỚC THỌ,"Phường Hòa Thạnh, Quận Tân Phú, Tp Hồ Chí Minh",4.8,58đang bán,486đã bán
Scoopy trả trước 5tr | Giữ cavet | Vay tiền mặt2023Tay gaMới38.500.000 đ2 tuần trước•Quận 8,Hãng xe:Honda,Dòng xe:Scoopy,Loại xe:Tay ga,Dung tích xe:100 - 175 cc,Xuất xứ:Thái Lan,Năm đăng ký:2023,Chính sách bảo hành:Bảo hành hãng,38.500.000 đ,Hiếu Xe Trả Góp,"Phường 2, Quận 8, Tp Hồ Chí Minh",4.7,24đang bán,2đã bán
xe kới đẹp lenh keng không cần phải bàn2024Xe sốMới34.000.000 đ2 tuần trước•Thành phố Thủ Đức,Hãng xe:Honda,Dòng xe:Future,Loại xe:Xe số,Dung tích xe:100 - 175 cc,Xuất xứ:Việt Nam,Năm đăng ký:2024,Chính sách bảo hành:Bảo hành hãng,34.000.000 đ,Phuongnguyen,"Phường An Phú (Quận 2 cũ), Thành phố Thủ Đức, Tp Hồ Chí Minh",,1đang bán,1đã bán
cần bán lại xe máy 50cc2024Tay gaMới19.700.000 đ2 tuần trước•Quận Gò Vấp,Hãng xe:Victory,Dòng xe:Dòng khác,Loại xe:Tay ga,Dung tích xe:50 - 100 cc,Xuất xứ:Hàn Quốc,Năm đăng ký:2024,Chính sách bảo hành:Bảo hành hãng,19.700.000 đ,Jenny,"Phường 11, Quận Gò Vấp, Tp Hồ Chí Minh",5,3đang bán,118đã bán
🏍️ CB650R - CBR650R E - Clutch new 2024 🏍️2024Tay côn/MotoMới269.990.000 đ2 tuần trước•Quận 11,Hãng xe:Honda,Dòng xe:CB,Loại xe:Tay côn/Moto,Dung tích xe:Trên 175 cc,Xuất xứ:Thái Lan,Năm đăng ký:2024,Chính sách bảo hành:Bảo hành hãng,269.990.000 đ,Phan Trọng Ấn,"Phường 13, Quận 11, Tp Hồ Chí Minh",,1đang bán,0đã bán
Yamaha FZ25 HQCN BSTP2019Tay côn/MotoMới36.000.000 đ2 tuần trước•Quận Bình Tân,Hãng xe:Yamaha,Dòng xe:FZ,Loại xe:Tay côn/Moto,Dung tích xe:Trên 175 cc,Xuất xứ:Ấn Độ,Năm đăng ký:2019,Chính sách bảo hành:Bảo hành hãng,36.000.000 đ,Gấu,"Phường Bình Hưng Hoà A, Quận Bình Tân, Tp Hồ Chí Minh",5,2đang bán,1đã bán
Suzuki Xipo 1999 đỏ trắng mới 99%2024Tay côn/MotoMới24.000.000 đ2 tuần trước•Quận 3,Hãng xe:Suzuki,Dòng xe:Sport / Xipo,Loại xe:Tay côn/Moto,Dung tích xe:100 - 175 cc,Xuất xứ:Nước khác,Năm đăng ký:2024,Chính sách bảo hành:Bảo hành hãng,24.000.000 đ,Hưng Phát,"Phường 3, Quận 3, Tp Hồ Chí Minh",,7đang bán,0đã bán
"Thanh lý kho, xe cup 50cc mới 100%2021Xe sốMới14.000.000 đ2 tuần trước•Quận Tân Phú",Hãng xe:Hãng khác,Dòng xe:Dòng khác,Loại xe:Xe số,Dung tích xe:50 - 100 cc,Xuất xứ:Trung Quốc,Năm đăng ký:2021,Chính sách bảo hành:Bảo hành hãng,14.000.000 đ,MrLinh,"Phường Sơn Kỳ, Quận Tân Phú, Tp Hồ Chí Minh",4,3đang bán,1đã bán
vespa 50cc bốc thăm trúng thưởng2024Tay gaMới21.800.000 đ2 tuần trước•Quận Tân Phú,Hãng xe:Victory,Dòng xe:Dòng khác,Loại xe:Tay ga,Dung tích xe:Dưới 50 cc,Xuất xứ:Đài Loan,Năm đăng ký:2024,Chính sách bảo hành:Bảo hành hãng,21.800.000 đ,CỬA HÀNG XE MÁY PHƯỚC THỌ,"Phường Hòa Thạnh, Quận Tân Phú, Tp Hồ Chí Minh",4.8,58đang bán,486đã bán
Vario 125 trắng tím trả trước 7tr lấy xe2024Tay gaMới7.000.000 đ2 tuần trước•Huyện Nhà Bè,Hãng xe:Honda,Dòng xe:Vario,Loại xe:Tay ga,Dung tích xe:100 - 175 cc,Xuất xứ:Nước khác,Năm đăng ký:2024,Chính sách bảo hành:Bảo hành hãng,7.000.000 đ,Thuỳ Trang,"Thị trấn Nhà Bè, Huyện Nhà Bè, Tp Hồ Chí Minh",5,5đang bán,0đã bán
Speed up yaz 125 mới 98%2024Tay côn/MotoMới28.000.000 đ2 tuần trước•Quận 3,Hãng xe:Yamaha,Dòng xe:YAZ,Loại xe:Tay côn/Moto,Dung tích xe:100 - 175 cc,Xuất xứ:Nước khác,Năm đăng ký:2024,Chính sách bảo hành:Bảo hành hãng,28.000.000 đ,Hưng Phát,"Phường 3, Quận 3, Tp Hồ Chí Minh",,7đang bán,0đã bán
xe Vario 125 nhập khẩu indo2024Tay gaMới40.000.000 đ2 tuần trước•Huyện Củ Chi,Hãng xe:Honda,Dòng xe:Vario,Loại xe:Tay ga,Dung tích xe:100 - 175 cc,Xuất xứ:Nước khác,Năm đăng ký:2024,Chính sách bảo hành:Bảo hành hãng,40.000.000 đ,Cửa hàng Xe Máy Nhập Khẩu Củ Chi,"Thị trấn Củ Chi, Huyện Củ Chi, Tp Hồ Chí Minh",,9đang bán,0đã bán
xe Vision bản 3D Đỏ Đen thời trang.2024Tay gaMới34.000.000 đ2 tuần trước•Huyện Củ Chi,Hãng xe:Honda,Dòng xe:Vision,Loại xe:Tay ga,Dung tích xe:100 - 175 cc,Xuất xứ:Việt Nam,Năm đăng ký:2024,Chính sách bảo hành:Bảo hành hãng,34.000.000 đ,Cửa hàng Xe Máy Nhập Khẩu Củ Chi,"Thị trấn Củ Chi, Huyện Củ Chi, Tp Hồ Chí Minh",,9đang bán,0đã bán
Không tin xe ngon thì KB ZL gởi video cho xem🌺Siru2012Xe sốMới8.900.000 đ2 tuần trước•Quận 7,Hãng xe:Yamaha,Dòng xe:Sirius,Loại xe:Xe số,Dung tích xe:100 - 175 cc,Xuất xứ:Nhật Bản,Năm đăng ký:2012,Chính sách bảo hành:Bảo hành hãng,8.900.000 đ,Xe máy Trả Góp có bao nợ xấu,"Phường Tân Quy, Quận 7, Tp Hồ Chí Minh",,41đang bán,0đã bán
crea 50cc mới bao biển số bốc thăm trúng thưởng xe2024Tay gaMới22.800.000 đ2 tuần trước•Quận Tân Phú,Hãng xe:Hãng khác,Dòng xe:Dòng khác,Loại xe:Tay ga,Dung tích xe:Dưới 50 cc,Xuất xứ:Đài Loan,Năm đăng ký:2024,Chính sách bảo hành:Bảo hành hãng,22.800.000 đ,CỬA HÀNG XE MÁY PHƯỚC THỌ,"Phường Hòa Thạnh, Quận Tân Phú, Tp Hồ Chí Minh",4.8,58đang bán,486đã bán
50cc Vera S siêu đẹp 💯 bốc thăm trúng thưởng xe2024Tay gaMới21.800.000 đ2 tuần trước•Quận Tân Phú,Hãng xe:Hãng khác,Dòng xe:Dòng khác,Loại xe:Tay ga,Dung tích xe:Dưới 50 cc,Xuất xứ:Nước khác,Năm đăng ký:2024,Chính sách bảo hành:Bảo hành hãng,21.800.000 đ,CỬA HÀNG XE MÁY PHƯỚC THỌ,"Phường Hòa Thạnh, Quận Tân Phú, Tp Hồ Chí Minh",4.8,58đang bán,486đã bán
Crea 50cc bốc thăm trúng thưởng xe2024Tay gaMới20.000.000 đ2 tuần trước•Quận Tân Phú,Hãng xe:Victory,Dòng xe:Dòng khác,Loại xe:Tay ga,Dung tích xe:Dưới 50 cc,Xuất xứ:Nước khác,Năm đăng ký:2024,Chính sách bảo hành:Bảo hành hãng,20.000.000 đ,CỬA HÀNG XE MÁY PHƯỚC THỌ,"Phường Hòa Thạnh, Quận Tân Phú, Tp Hồ Chí Minh",4.8,58đang bán,486đã bán
eciter 50cc Victoria bốc thăm trúng thưởng xe2024Xe sốMới18.500.000 đ3 tuần trước•Quận Tân Phú,Hãng xe:Victory,Dòng xe:Dòng khác,Loại xe:Xe số,Dung tích xe:Dưới 50 cc,Xuất xứ:Đài Loan,Năm đăng ký:2024,Chính sách bảo hành:Bảo hành hãng,18.500.000 đ,CỬA HÀNG XE MÁY PHƯỚC THỌ,"Phường Hòa Thạnh, Quận Tân Phú, Tp Hồ Chí Minh",4.8,58đang bán,486đã bán
VESPA SPRINT S 150 ABS KÈM QUÀ TẶNG ĐỘC QUYỀN2024Tay gaMới97.800.000 đ3 tuần trước•Quận 3,Hãng xe:Piaggio,Dòng xe:Sprint,Loại xe:Tay ga,Dung tích xe:100 - 175 cc,Xuất xứ:Việt Nam,Năm đăng ký:2024,Chính sách bảo hành:Bảo hành hãng,97.800.000 đ,VESPA TOPCOM OFFICIAL STORE,"Phường 5, Quận 3, Tp Hồ Chí Minh",5,36đang bán,2đã bán
VESPA SPRINT S 125 ABS MIỄN PHÍ NÂNG CẤP PHẦN MỀM2024Tay gaMới83.300.000 đ3 tuần trước•Quận 1,Hãng xe:Piaggio,Dòng xe:Sprint,Loại xe:Tay ga,Dung tích xe:100 - 175 cc,Xuất xứ:Việt Nam,Năm đăng ký:2024,Chính sách bảo hành:Bảo hành hãng,83.300.000 đ,VESPA TOPCOM OFFICIAL STORE,"Phường Cô Giang, Quận 1, Tp Hồ Chí Minh",5,36đang bán,2đã bán
VESPA PRIMAVERA S 125 - HỖ TRỢ PHÍ CÀ THẺ CHO KH2024Tay gaMới80.000.000 đ3 tuần trước•Quận 3,Hãng xe:Piaggio,Dòng xe:Primavera,Loại xe:Tay ga,Dung tích xe:100 - 175 cc,Xuất xứ:Việt Nam,Năm đăng ký:2024,Chính sách bảo hành:Bảo hành hãng,80.000.000 đ,VESPA TOPCOM OFFICIAL STORE,"Phường 12, Quận 3, Tp Hồ Chí Minh",5,36đang bán,2đã bán
VESPA PRIMAVERA S 125 RỬA XE MIỄN PHÍ2024Tay gaMới80.000.000 đ3 tuần trước•Quận 3,Hãng xe:Piaggio,Dòng xe:Primavera,Loại xe:Tay ga,Dung tích xe:100 - 175 cc,Xuất xứ:Việt Nam,Năm đăng ký:2024,Chính sách bảo hành:Bảo hành hãng,80.000.000 đ,VESPA TOPCOM OFFICIAL STORE,"Phường 12, Quận 3, Tp Hồ Chí Minh",5,36đang bán,2đã bán
VESPA PRIMAVERA S 125 - MIỄN PHÍ RỬA XE TRỌN ĐỜI2024Tay gaMới80.000.000 đ3 tuần trước•Quận 1,Hãng xe:Piaggio,Dòng xe:Primavera,Loại xe:Tay ga,Dung tích xe:100 - 175 cc,Xuất xứ:Việt Nam,Năm đăng ký:2024,Chính sách bảo hành:Bảo hành hãng,80.000.000 đ,VESPA TOPCOM OFFICIAL STORE,"Phường Bến Nghé, Quận 1, Tp Hồ Chí Minh",5,36đang bán,2đã bán
Vepsa Vera’s 50cc bốc thăm trúng thưởng xe2024Tay gaMới21.800.000 đ3 tuần trước•Quận Tân Phú,Hãng xe:Hãng khác,Dòng xe:Dòng khác,Loại xe:Tay ga,Dung tích xe:Dưới 50 cc,Xuất xứ:Đài Loan,Năm đăng ký:2024,Chính sách bảo hành:Bảo hành hãng,21.800.000 đ,CỬA HÀNG XE MÁY PHƯỚC THỌ,"Phường Hòa Thạnh, Quận Tân Phú, Tp Hồ Chí Minh",4.8,58đang bán,486đã bán
VESPA PRIMAVERA 125 - MIỄN PHÍ CỨU HỘ 1 NĂM2024Tay gaMới77.800.000 đ3 tuần trước•Quận 3,Hãng xe:Piaggio,Dòng xe:Primavera,Loại xe:Tay ga,Dung tích xe:100 - 175 cc,Xuất xứ:Việt Nam,Năm đăng ký:2024,Chính sách bảo hành:Bảo hành hãng,77.800.000 đ,VESPA TOPCOM OFFICIAL STORE,"Phường 5, Quận 3, Tp Hồ Chí Minh",5,36đang bán,2đã bán
VESPA PRIMAVERA 125 - MIỄN PHÍ BẢO DƯỠNG 5000 KM2024Tay gaMới77.800.000 đ3 tuần trước•Quận 1,Hãng xe:Piaggio,Dòng xe:Primavera,Loại xe:Tay ga,Dung tích xe:100 - 175 cc,Xuất xứ:Việt Nam,Năm đăng ký:2024,Chính sách bảo hành:Bảo hành hãng,77.800.000 đ,VESPA TOPCOM OFFICIAL STORE,"Phường Nguyễn Cư Trinh, Quận 1, Tp Hồ Chí Minh",5,36đang bán,2đã bán
VESPA SPRINT 125 ABS-TRẢ GÓP LÃI SUẤT 0% 12 THÁNG2024Tay gaMới83.300.000 đ3 tuần trước•Quận 3,Hãng xe:Piaggio,Dòng xe:Vespa,Loại xe:Tay ga,Dung tích xe:100 - 175 cc,Xuất xứ:Việt Nam,Năm đăng ký:2024,Chính sách bảo hành:Bảo hành hãng,83.300.000 đ,VESPA TOPCOM OFFICIAL STORE,"Phường Võ Thị Sáu, Quận 3, Tp Hồ Chí Minh",5,36đang bán,2đã bán
VESPA SPRINT S 150 TFT - QUÀ TẶNG CHỢ TỐT2024Tay gaMới110.000.000 đ3 tuần trước•Quận 10,Hãng xe:Piaggio,Dòng xe:Vespa,Loại xe:Tay ga,Dung tích xe:100 - 175 cc,Xuất xứ:Việt Nam,Năm đăng ký:2024,Chính sách bảo hành:Bảo hành hãng,110.000.000 đ,VESPA TOPCOM OFFICIAL STORE,"Phường 13, Quận 10, Tp Hồ Chí Minh",5,36đang bán,2đã bán
VESPA PRIMAVERA S 125 MIỄN PHÍ GIAO XE TẬN NHÀ2024Tay gaMới80.000.000 đ3 tuần trước•Quận 1,Hãng xe:Piaggio,Dòng xe:Vespa,Loại xe:Tay ga,Dung tích xe:100 - 175 cc,Xuất xứ:Việt Nam,Năm đăng ký:2024,Chính sách bảo hành:Bảo hành hãng,80.000.000 đ,VESPA TOPCOM OFFICIAL STORE,"Phường Nguyễn Cư Trinh, Quận 1, Tp Hồ Chí Minh",5,36đang bán,2đã bán
VESPA PRIMAVERA 125 QUÀ TẶNG ĐỘC QUYỀN2024Tay gaMới77.800.000 đ3 tuần trước•Quận 4,Hãng xe:Piaggio,Dòng xe:Vespa,Loại xe:Tay ga,Dung tích xe:100 - 175 cc,Xuất xứ:Việt Nam,Năm đăng ký:2024,Chính sách bảo hành:Bảo hành hãng,77.800.000 đ,VESPA TOPCOM OFFICIAL STORE,"Phường 15, Quận 4, Tp Hồ Chí Minh",5,36đang bán,2đã bán
VESPA SPRINT S 125 ABS NHẬN NGAY QUÀ TẶNG 800K2024Tay gaMới83.300.000 đ3 tuần trước•Quận Phú Nhuận,Hãng xe:Piaggio,Dòng xe:Vespa,Loại xe:Tay ga,Dung tích xe:100 - 175 cc,Xuất xứ:Việt Nam,Năm đăng ký:2024,Chính sách bảo hành:Bảo hành hãng,83.300.000 đ,VESPA TOPCOM OFFICIAL STORE,"Phường 13, Quận Phú Nhuận, Tp Hồ Chí Minh",5,36đang bán,2đã bán
VESPA SPRINT S 150 ABS - TRẢ GÓP 0% LÃI SUẤT2024Tay gaMới97.800.000 đ3 tuần trước•Quận Bình Thạnh,Hãng xe:Piaggio,Dòng xe:Vespa,Loại xe:Tay ga,Dung tích xe:100 - 175 cc,Xuất xứ:Việt Nam,Năm đăng ký:2024,Chính sách bảo hành:Bảo hành hãng,97.800.000 đ,VESPA TOPCOM OFFICIAL STORE,"Phường 6, Quận Bình Thạnh, Tp Hồ Chí Minh",5,36đang bán,2đã bán
VESPA SPRINT 125 ABS CÙNG BỘ QUÀ ĐỘC QUYỀN2024Tay gaMới83.300.000 đ3 tuần trước•Thành phố Thủ Đức,Hãng xe:Piaggio,Dòng xe:Vespa,Loại xe:Tay ga,Dung tích xe:100 - 175 cc,Xuất xứ:Việt Nam,Năm đăng ký:2024,Chính sách bảo hành:Bảo hành hãng,83.300.000 đ,VESPA TOPCOM OFFICIAL STORE,"Phường An Phú (Quận 2 cũ), Thành phố Thủ Đức, Tp Hồ Chí Minh",5,36đang bán,2đã bán
PIAGGIO LIBERTY S 125 GÓP MỖI THÁNG CHỈ 2TR2024Tay gaMới57.700.000 đ3 tuần trước•Quận 1,Hãng xe:Piaggio,Dòng xe:Liberty,Loại xe:Tay ga,Dung tích xe:100 - 175 cc,Xuất xứ:Việt Nam,Năm đăng ký:2024,Chính sách bảo hành:Bảo hành hãng,57.700.000 đ,VESPA TOPCOM OFFICIAL STORE,"Phường Cầu Kho, Quận 1, Tp Hồ Chí Minh",5,36đang bán,2đã bán
4PIAGGIO MEDLEY S 150 ABS NHẬN QUÀ TẶNG CHỢ TỐT2024Tay gaMới96.900.000 đ3 tuần trước•Quận 1VESPA TOPCOM OFFICIAL STORE5.02đã bán36đang bánBấm để hiện sốChat,Hãng xe:Piaggio,Dòng xe:Medley,Loại xe:Tay ga,Dung tích xe:100 - 175 cc,Xuất xứ:Việt Nam,Năm đăng ký:2024,Chính sách bảo hành:Bảo hành hãng,96.900.000 đ,VESPA TOPCOM OFFICIAL STORE,"Phường Nguyễn Cư Trinh, Quận 1, Tp Hồ Chí Minh",5,36đang bán,2đã bán
VESPA PRIMAVERA 125 - COMBO QUÀ TẶNG ĐỘC QUYỀN2024Tay gaMới84.200.000 đ3 tuần trước•Quận 3,Hãng xe:Piaggio,Dòng xe:Vespa,Loại xe:Tay ga,Dung tích xe:100 - 175 cc,Xuất xứ:Nước khác,Năm đăng ký:2024,Chính sách bảo hành:Bảo hành hãng,84.200.000 đ,VESPA TOPCOM OFFICIAL STORE,"Phường 5, Quận 3, Tp Hồ Chí Minh",5,36đang bán,2đã bán
Vepsa Vera’s 50cc bốc thăm trúng thưởng xe2024Tay gaMới21.800.000 đ3 tuần trước•Quận Tân Phú,Hãng xe:Hãng khác,Dòng xe:Dòng khác,Loại xe:Tay ga,Dung tích xe:Dưới 50 cc,Xuất xứ:Đài Loan,Năm đăng ký:2024,Chính sách bảo hành:Bảo hành hãng,21.800.000 đ,CỬA HÀNG XE MÁY PHƯỚC THỌ,"Phường Hòa Thạnh, Quận Tân Phú, Tp Hồ Chí Minh",4.8,58đang bán,486đã bán
"Honda Vario | góp lãi 0,79% | Hỗ Trợ Vay Tiền Mặt2024Tay gaMới4.999.999 đ3 tuần trước•Quận 8",Hãng xe:Honda,Dòng xe:Vario,Loại xe:Tay ga,Dung tích xe:100 - 175 cc,Xuất xứ:Nước khác,Năm đăng ký:2024,Chính sách bảo hành:Bảo hành hãng,4.999.999 đ,Hiếu Xe Trả Góp,"Phường 3, Quận 8, Tp Hồ Chí Minh",4.7,24đang bán,2đã bán
xe bán2021Xe sốMới7.500.000 đ3 tuần trước•Huyện Hóc Môn,Hãng xe:Honda,Dòng xe:Cub,Loại xe:Xe số,Dung tích xe:Dưới 50 cc,Xuất xứ:Nhật Bản,Năm đăng ký:2021,Chính sách bảo hành:Bảo hành hãng,7.500.000 đ,nguyễn triệu dương,"Xã Xuân Thới Sơn, Huyện Hóc Môn, Tp Hồ Chí Minh",,4đang bán,1đã bán
Bán gấp xe Vision2016Tay gaMới25.000.000 đ3 tuần trước•Quận Bình Thạnh,Hãng xe:Honda,Dòng xe:Vision,Loại xe:Tay ga,Dung tích xe:100 - 175 cc,Xuất xứ:Nhật Bản,Năm đăng ký:2016,Chính sách bảo hành:Bảo hành hãng,25.000.000 đ,Lê Văn Hiệp,"Phường 21, Quận Bình Thạnh, Tp Hồ Chí Minh",,1đang bán,0đã bán
Xã Lỗ SH350i Biển SG Giá Từ 110 Triệu Xe Mới 99%2023Tay gaMới98.989.999 đ3 tuần trước•Quận Bình Tân,Hãng xe:Honda,Dòng xe:SH,Loại xe:Tay ga,Dung tích xe:Trên 175 cc,Xuất xứ:Thái Lan,Năm đăng ký:2023,Chính sách bảo hành:Bảo hành hãng,98.989.999 đ,Tâm Kha SH,"Phường An Lạc A, Quận Bình Tân, Tp Hồ Chí Minh",4.8,2đang bán,4đã bán
CB xe Ex 150 Fi đèn led 9 chủTuyệt đẹp2018Tay côn/MotoMới24.000.000 đ3 tuần trước•Thành phố Thủ Đức,Hãng xe:Yamaha,Dòng xe:Exciter,Loại xe:Tay côn/Moto,Dung tích xe:100 - 175 cc,Xuất xứ:Nhật Bản,Năm đăng ký:2018,Chính sách bảo hành:Bảo hành hãng,24.000.000 đ,Ngoc lai,"Phường Phú Hữu (Quận 9 cũ), Thành phố Thủ Đức, Tp Hồ Chí Minh",5,2đang bán,1đã bán
Vawe 50cc Victoria bốc thăm trúng thưởng xe2024Xe sốMới15.300.000 đ3 tuần trước•Quận Tân Phú,Hãng xe:Victory,Dòng xe:Dòng khác,Loại xe:Xe số,Dung tích xe:Dưới 50 cc,Xuất xứ:Đài Loan,Năm đăng ký:2024,Chính sách bảo hành:Bảo hành hãng,15.300.000 đ,CỬA HÀNG XE MÁY PHƯỚC THỌ,"Phường Hòa Thạnh, Quận Tân Phú, Tp Hồ Chí Minh",4.8,58đang bán,486đã bán
vawe 50cc Victoria bốc thăm trúng thưởng2024Xe sốMới15.300.000 đ3 tuần trước•Quận Tân Phú,Hãng xe:Victory,Dòng xe:Dòng khác,Loại xe:Xe số,Dung tích xe:Dưới 50 cc,Xuất xứ:Đài Loan,Năm đăng ký:2024,Chính sách bảo hành:Bảo hành hãng,15.300.000 đ,CỬA HÀNG XE MÁY PHƯỚC THỌ,"Phường Hòa Thạnh, Quận Tân Phú, Tp Hồ Chí Minh",4.8,58đang bán,486đã bán
VESPA GTS SUPER SPORT 150 ABS COMBO QUÀ LIỀN TAY2024Tay gaMới137.000.000 đ3 tuần trước•Quận 3,Hãng xe:Piaggio,Dòng xe:GTS,Loại xe:Tay ga,Dung tích xe:100 - 175 cc,Xuất xứ:Việt Nam,Năm đăng ký:2024,Chính sách bảo hành:Bảo hành hãng,137.000.000 đ,VESPA TOPCOM OFFICIAL STORE,"Phường 2, Quận 3, Tp Hồ Chí Minh",5,36đang bán,2đã bán
VESPA GTS 300 SUPER TECH ABS PHÍ TRẢ GÓP 0Đ2024Tay gaMới158.600.000 đ3 tuần trước•Quận 3,Hãng xe:Piaggio,Dòng xe:GTS,Loại xe:Tay ga,Dung tích xe:100 - 175 cc,Xuất xứ:Việt Nam,Năm đăng ký:2024,Chính sách bảo hành:Bảo hành hãng,158.600.000 đ,VESPA TOPCOM OFFICIAL STORE,"Phường 2, Quận 3, Tp Hồ Chí Minh",5,36đang bán,2đã bán
VESPA GTS CLASSIC 150 ABS QUÀ TẶNG HẤP DẪN GIÁ TRỊ2024Tay gaMới126.500.000 đ3 tuần trước•Quận 10,Hãng xe:Piaggio,Dòng xe:GTS,Loại xe:Tay ga,Dung tích xe:100 - 175 cc,Xuất xứ:Việt Nam,Năm đăng ký:2024,Chính sách bảo hành:Bảo hành hãng,126.500.000 đ,VESPA TOPCOM OFFICIAL STORE,"Phường 5, Quận 10, Tp Hồ Chí Minh",5,36đang bán,2đã bán
+36VESPA GTS 300 SUPER TECH ABS CÙNG BỘ QUÀ HẤP DẪN2024Tay gaMới158.600.000 đ3 tuần trước•Quận Phú NhuậnVESPA TOPCOM OFFICIAL STORE5.02đã bán36đang bánBấm để hiện sốChat,Hãng xe:Piaggio,Dòng xe:Vespa,Loại xe:Tay ga,Dung tích xe:Trên 175 cc,Xuất xứ:Việt Nam,Năm đăng ký:2024,Chính sách bảo hành:Bảo hành hãng,158.600.000 đ,VESPA TOPCOM OFFICIAL STORE,"Phường 13, Quận Phú Nhuận, Tp Hồ Chí Minh",5,36đang bán,2đã bán
+36VESPA GTV 300 ABS HPE TẶNG NGAY BỘ QUÀ ĐỘC QUYỀN2024Tay gaMới159.800.000 đ3 tuần trước•Quận 3VESPA TOPCOM OFFICIAL STORE5.02đã bán36đang bánBấm để hiện sốChat,Hãng xe:Piaggio,Dòng xe:Vespa,Loại xe:Tay ga,Dung tích xe:Trên 175 cc,Xuất xứ:Việt Nam,Năm đăng ký:2024,Chính sách bảo hành:Bảo hành hãng,159.800.000 đ,VESPA TOPCOM OFFICIAL STORE,"Phường 14, Quận 3, Tp Hồ Chí Minh",5,36đang bán,2đã bán
VESPA GTV 300  ABS HPE TRẢ GÓP TIỆN LỢI2024Tay gaMới159.800.000 đ3 tuần trước•Quận Phú Nhuận,Hãng xe:Piaggio,Dòng xe:Vespa,Loại xe:Tay ga,Dung tích xe:100 - 175 cc,Xuất xứ:Việt Nam,Năm đăng ký:2024,Chính sách bảo hành:Bảo hành hãng,159.800.000 đ,VESPA TOPCOM OFFICIAL STORE,"Phường 15, Quận Phú Nhuận, Tp Hồ Chí Minh",5,36đang bán,2đã bán
Xe tay ga Scoopy 110 2024 trắng mới 100%2024Tay gaMới41.500.000 đ3 tuần trước•Quận 8,Hãng xe:Honda,Dòng xe:Scoopy,Loại xe:Tay ga,Dung tích xe:100 - 175 cc,Xuất xứ:Nhật Bản,Năm đăng ký:2024,Chính sách bảo hành:Bảo hành hãng,41.500.000 đ,Ngô Khánh,"Phường 2, Quận 8, Tp Hồ Chí Minh",,2đang bán,1đã bán
Scoopy nhập INDONESIA mới 100% và xe cũ 3.000 km2024Tay gaMới38.500.000 đ3 tuần trước•Quận 10,Hãng xe:Honda,Dòng xe:Scoopy,Loại xe:Tay ga,Dung tích xe:100 - 175 cc,Xuất xứ:Nhật Bản,Năm đăng ký:2024,Chính sách bảo hành:Bảo hành hãng,38.500.000 đ,Tiến,"Phường 4, Quận 10, Tp Hồ Chí Minh",5,6đang bán,21đã bán
SH35Oi Lướt Giá Chỉ Từ 110 Củ Biển Sài Gòn Mới 99%2023Tay gaMới68.688.668 đ3 tuần trước•Quận 11,Hãng xe:Honda,Dòng xe:SH,Loại xe:Tay ga,Dung tích xe:Trên 175 cc,Xuất xứ:Thái Lan,Năm đăng ký:2023,Chính sách bảo hành:Bảo hành hãng,68.688.668 đ,Tâm Kha SH,"Phường 9, Quận 11, Tp Hồ Chí Minh",4.8,2đang bán,4đã bán
Futue zin mới chính chu đang sử dụng chạy tốt2015Xe sốMới19.000.000 đ3 tuần trước•Quận Phú Nhuận,Hãng xe:Honda,Dòng xe:Future,Loại xe:Xe số,Dung tích xe:100 - 175 cc,Xuất xứ:Việt Nam,Năm đăng ký:2015,Chính sách bảo hành:Bảo hành hãng,19.000.000 đ,pham van vu,"Phường 8, Quận Phú Nhuận, Tp Hồ Chí Minh",,19đang bán,10đã bán
vespa 50cc bốc thăm trúng thưởng xe2024Tay gaMới21.500.000 đ4 tuần trước•Quận Tân Phú,Hãng xe:Detech,Dòng xe:Espero,Loại xe:Tay ga,Dung tích xe:Dưới 50 cc,Xuất xứ:Đài Loan,Năm đăng ký:2024,Chính sách bảo hành:Bảo hành hãng,21.500.000 đ,CỬA HÀNG XE MÁY PHƯỚC THỌ,"Phường Hòa Thạnh, Quận Tân Phú, Tp Hồ Chí Minh",4.8,58đang bán,486đã bán
4Sh350i Mới 2024 Đỏ Xinh2024Tay gaMới128.000.000 đ4 tuần trước•Quận Bình ThạnhPhạm Tuấn Kiệt2đã bán2đang bánBấm để hiện sốChat,Hãng xe:Honda,Dòng xe:SH,Loại xe:Tay ga,Dung tích xe:Trên 175 cc,Xuất xứ:Việt Nam,Năm đăng ký:2024,Chính sách bảo hành:Bảo hành hãng,128.000.000 đ,Phạm Tuấn Kiệt,"Phường 22, Quận Bình Thạnh, Tp Hồ Chí Minh",,2đang bán,2đã bán
💥 Sport Glide - Mẫu Softail ưu đãi tốt về giá !!!2024Tay côn/MotoMới699.000.000 đ4 tuần trước•Quận 7,Hãng xe:Harley Davidson,Dòng xe:Softail,Loại xe:Tay côn/Moto,Dung tích xe:Trên 175 cc,Xuất xứ:Thái Lan,Năm đăng ký:2024,Chính sách bảo hành:Bảo hành hãng,699.000.000 đ,Tùng Nguyễn Harley,"Phường Tân Phú, Quận 7, Tp Hồ Chí Minh",5,11đang bán,4đã bán
Ex 1352013Tay côn/MotoMới12.000.000 đ4 tuần trước•Quận 11,Hãng xe:Yamaha,Dòng xe:Exciter,Loại xe:Tay côn/Moto,Dung tích xe:100 - 175 cc,Xuất xứ:Nhật Bản,Năm đăng ký:2013,Chính sách bảo hành:Bảo hành hãng,12.000.000 đ,A duc,"Phường 15, Quận 11, Tp Hồ Chí Minh",3,4đang bán,185đã bán
vespa xang 50 cc2024Tay gaMới21.800.000 đ4 tuần trước•Quận Tân Phú,Hãng xe:Victory,Dòng xe:Dòng khác,Loại xe:Tay ga,Dung tích xe:Dưới 50 cc,Xuất xứ:Đài Loan,Năm đăng ký:2024,Chính sách bảo hành:Bảo hành hãng,21.800.000 đ,CỬA HÀNG XE MÁY PHƯỚC THỌ,"Phường Hòa Thạnh, Quận Tân Phú, Tp Hồ Chí Minh",4.8,58đang bán,486đã bán
Vepsa Victoria 50cc bốc thăm trúng thưởng xe2024Tay gaMới21.800.000 đ4 tuần trước•Quận Tân Phú,Hãng xe:Victory,Dòng xe:Dòng khác,Loại xe:Tay ga,Dung tích xe:Dưới 50 cc,Xuất xứ:Đài Loan,Năm đăng ký:2024,Chính sách bảo hành:Bảo hành hãng,21.800.000 đ,CỬA HÀNG XE MÁY PHƯỚC THỌ,"Phường Hòa Thạnh, Quận Tân Phú, Tp Hồ Chí Minh",4.8,58đang bán,486đã bán
Thanh lí xe sh350i có trả góp2021Tay gaMới109.800.000 đ4 tuần trước•Quận Bình Thạnh,Hãng xe:Honda,Dòng xe:SH,Loại xe:Tay ga,Dung tích xe:Không biết rõ,Xuất xứ:Nước khác,Năm đăng ký:2021,Chính sách bảo hành:Bảo hành hãng,109.800.000 đ,Thúy,"Phường 26, Quận Bình Thạnh, Tp Hồ Chí Minh",5,9đang bán,6đã bán
Mình chán k chạy nữa ae nào thiện chí Alo mình ạ2020Tay côn/MotoMới20.000.000 đ4 tuần trước•Huyện Hóc Môn,Hãng xe:Suzuki,Dòng xe:Satria,Loại xe:Tay côn/Moto,Dung tích xe:100 - 175 cc,Xuất xứ:Nước khác,Năm đăng ký:2020,Chính sách bảo hành:Bảo hành hãng,20.000.000 đ,Tên chưa cung cấp,"Xã Xuân Thới Sơn, Huyện Hóc Môn, Tp Hồ Chí Minh",,2đang bán,0đã bán
Suzuki V-Strom 250SX màu Đen giao ngay2023Tay côn/MotoMới132.900.000 đ4 tuần trước•Quận Tân Bình,Hãng xe:Suzuki,Dòng xe:V-Strom,Loại xe:Tay côn/Moto,Dung tích xe:Trên 175 cc,Xuất xứ:Ấn Độ,Năm đăng ký:2023,Chính sách bảo hành:Bảo hành hãng,132.900.000 đ,Pháp Suzuki World Phổ Quang,"Phường 2, Quận Tân Bình, Tp Hồ Chí Minh",5,6đang bán,14đã bán
Suzuki V-Strom 250SX màu Cam-đen giao ngay2023Tay côn/MotoMới132.900.000 đ4 tuần trước•Quận Tân Bình,Hãng xe:Suzuki,Dòng xe:V-Strom,Loại xe:Tay côn/Moto,Dung tích xe:Trên 175 cc,Xuất xứ:Ấn Độ,Năm đăng ký:2023,Chính sách bảo hành:Bảo hành hãng,132.900.000 đ,Pháp Suzuki World Phổ Quang,"Phường 2, Quận Tân Bình, Tp Hồ Chí Minh",5,6đang bán,14đã bán
Suzuki V-Strom 250SX Vàng-đen giao ngay2023Tay côn/MotoMới132.900.000 đ4 tuần trước•Quận Tân Bình,Hãng xe:Suzuki,Dòng xe:V-Strom,Loại xe:Tay côn/Moto,Dung tích xe:Trên 175 cc,Xuất xứ:Ấn Độ,Năm đăng ký:2023,Chính sách bảo hành:Bảo hành hãng,132.900.000 đ,Pháp Suzuki World Phổ Quang,"Phường 2, Quận Tân Bình, Tp Hồ Chí Minh",5,6đang bán,14đã bán
"CUB 125 | Lãi suât góp 0,99% | Hỗ trợ vay tiền2024Xe sốMới50.000.000 đ4 tuần trước•Quận 11",Hãng xe:Honda,Dòng xe:Cub,Loại xe:Xe số,Dung tích xe:100 - 175 cc,Xuất xứ:Việt Nam,Năm đăng ký:2024,Chính sách bảo hành:Bảo hành hãng,50.000.000 đ,Hiếu Xe Trả Góp,"Phường 5, Quận 11, Tp Hồ Chí Minh",4.7,24đang bán,2đã bán
Lexi 155cc2024Tay gaMới40.000.000 đ4 tuần trước•Thành phố Thủ Đức,Hãng xe:Yamaha,Dòng xe:Dòng khác,Loại xe:Tay ga,Dung tích xe:100 - 175 cc,Xuất xứ:Việt Nam,Năm đăng ký:2024,Chính sách bảo hành:Bảo hành hãng,40.000.000 đ,CR,"Phường Long Thạnh Mỹ (Quận 9 cũ), Thành phố Thủ Đức, Tp Hồ Chí Minh",,1đang bán,0đã bán
💥 🏍️ Xe Mới Harley Fat Bob 114 Ci 🔥2024Tay côn/MotoMới809.000.000 đ4 tuần trước•Thành phố Thủ Đức,Hãng xe:Harley Davidson,Dòng xe:Fat Bob,Loại xe:Tay côn/Moto,Dung tích xe:Trên 175 cc,Xuất xứ:Thái Lan,Năm đăng ký:2024,Chính sách bảo hành:Bảo hành hãng,809.000.000 đ,Tùng Nguyễn Harley,"Phường An Lợi Đông (Quận 2 cũ), Thành phố Thủ Đức, Tp Hồ Chí Minh",5,11đang bán,4đã bán
Xe Future 125 20242024Xe sốMới33.300.000 đ4 tuần trước•Huyện Hóc Môn,Hãng xe:Honda,Dòng xe:Future,Loại xe:Xe số,Dung tích xe:100 - 175 cc,Xuất xứ:Việt Nam,Năm đăng ký:2024,Chính sách bảo hành:Bảo hành hãng,33.300.000 đ,Lê Tú,"Xã Tân Xuân, Huyện Hóc Môn, Tp Hồ Chí Minh",,2đang bán,0đã bán
"xe nhà chay chưa tới 700 km còn bảo hành, mơi 99%2024Tay gaMới55.000.000 đ4 tuần trước•Thành phố Thủ Đức",Hãng xe:Peugeot,Dòng xe:Django,Loại xe:Tay ga,Dung tích xe:100 - 175 cc,Xuất xứ:Đức,Năm đăng ký:2024,Chính sách bảo hành:Bảo hành hãng,55.000.000 đ,chi Nguyet,"Phường Tăng Nhơn Phú A (Quận 9 cũ), Thành phố Thủ Đức, Tp Hồ Chí Minh",,1đang bán,0đã bán
SH300i 2008 up full 2016 New - bstp Chính Chủ2008Tay gaMới70.000.000 đ4 tuần trước•Quận Phú Nhuận,Hãng xe:Honda,Dòng xe:SH,Loại xe:Tay ga,Dung tích xe:Trên 175 cc,Xuất xứ:Nước khác,Năm đăng ký:2008,Chính sách bảo hành:Bảo hành hãng,70.000.000 đ,Hoàn,"Phường 2, Quận Phú Nhuận, Tp Hồ Chí Minh",,1đang bán,10đã bán
Vepsa 50cc Victoria bốc thăm trúng thưởng xe2024Tay gaMới21.800.000 đ4 tuần trước•Quận Tân Phú,Hãng xe:Victory,Dòng xe:Dòng khác,Loại xe:Tay ga,Dung tích xe:Dưới 50 cc,Xuất xứ:Đài Loan,Năm đăng ký:2024,Chính sách bảo hành:Bảo hành hãng,21.800.000 đ,CỬA HÀNG XE MÁY PHƯỚC THỌ,"Phường Hòa Thạnh, Quận Tân Phú, Tp Hồ Chí Minh",4.8,58đang bán,486đã bán
Scoopy 110cc2024Tay gaMới37.500.000 đ4 tuần trước•Quận 10,Hãng xe:Honda,Dòng xe:Scoopy,Loại xe:Tay ga,Dung tích xe:100 - 175 cc,Xuất xứ:Nước khác,Năm đăng ký:2024,Chính sách bảo hành:Bảo hành hãng,37.500.000 đ,Phúc Hải,"Phường 13, Quận 10, Tp Hồ Chí Minh",,4đang bán,1đã bán
Super cub 125 2025 màu Ngọc rồng biển đông2024Xe sốMới119.000.000 đ1 tháng trước•Quận 10,Hãng xe:Honda,Dòng xe:Cub,Loại xe:Xe số,Dung tích xe:100 - 175 cc,Xuất xứ:Thái Lan,Năm đăng ký:2024,Chính sách bảo hành:Bảo hành hãng,119.000.000 đ,khoa,"Phường 14, Quận 10, Tp Hồ Chí Minh",1.8,1đang bán,0đã bán
Xe tay ga Vespa SPRINTS 150 2024 Đen nhám-New 100%2024Tay gaMới98.000.000 đ1 tháng trước•Quận 10,Hãng xe:Piaggio,Dòng xe:Vespa,Loại xe:Tay ga,Dung tích xe:100 - 175 cc,Xuất xứ:Việt Nam,Năm đăng ký:2024,Chính sách bảo hành:Bảo hành hãng,98.000.000 đ,Huy Lê,"Phường 9, Quận 10, Tp Hồ Chí Minh",,2đang bán,1đã bán
Vespa Victoria 50cc bốc thăm trúng thưởng xe2024Tay gaMới21.800.000 đ1 tháng trước•Quận Tân Phú,Hãng xe:Victory,Dòng xe:Dòng khác,Loại xe:Tay ga,Dung tích xe:Dưới 50 cc,Xuất xứ:Nước khác,Năm đăng ký:2024,Chính sách bảo hành:Bảo hành hãng,21.800.000 đ,CỬA HÀNG XE MÁY PHƯỚC THỌ,"Phường Hòa Thạnh, Quận Tân Phú, Tp Hồ Chí Minh",4.8,58đang bán,486đã bán
Xả kho xe máy sh350 mới 100%2022Tay gaMới130.000.000 đ1 tháng trước•Quận Bình Thạnh,Hãng xe:Honda,Dòng xe:SH,Loại xe:Tay ga,Dung tích xe:Không biết rõ,Xuất xứ:Việt Nam,Năm đăng ký:2022,Chính sách bảo hành:Bảo hành hãng,130.000.000 đ,Thúy,"Phường 26, Quận Bình Thạnh, Tp Hồ Chí Minh",5,9đang bán,6đã bán
Harley Breakout 2024 Màu Đặc Biệt2024Tay côn/MotoMới969.000.000 đ1 tháng trước•Thành phố Thủ Đức,Hãng xe:Harley Davidson,Dòng xe:Softail,Loại xe:Tay côn/Moto,Dung tích xe:Trên 175 cc,Xuất xứ:Thái Lan,Năm đăng ký:2024,Chính sách bảo hành:Bảo hành hãng,969.000.000 đ,Tùng Nguyễn Harley,"Phường An Lợi Đông (Quận 2 cũ), Thành phố Thủ Đức, Tp Hồ Chí Minh",5,11đang bán,4đã bán
Wave  RSX 110 bs 92 xe rin nguyên chiếc2010Xe sốMới10.500.000 đ1 tháng trước•Quận Tân Phú,Hãng xe:Honda,Dòng xe:Wave,Loại xe:Xe số,Dung tích xe:100 - 175 cc,Xuất xứ:Việt Nam,Năm đăng ký:2010,Chính sách bảo hành:Bảo hành hãng,10.500.000 đ,Xe Máy Lâm 290,"Phường Hòa Thạnh, Quận Tân Phú, Tp Hồ Chí Minh",5,5đang bán,236đã bán
Nhà dự 1 cái thuộc xe winner 400k2018Tay côn/MotoMới1.000.000 đ1 tháng trước•Quận 12,Hãng xe:Honda,Dòng xe:Winner,Loại xe:Tay côn/Moto,Dung tích xe:100 - 175 cc,Xuất xứ:Nhật Bản,Năm đăng ký:2018,Chính sách bảo hành:Bảo hành hãng,1.000.000 đ,Nguyen vẫn ba,"Phường Hiệp Thành, Quận 12, Tp Hồ Chí Minh",3,2đang bán,16đã bán
xe REBEL 500 khuyến mãi2024Tay côn/MotoMới163.300.000 đ1 tháng trước•Quận 11,Hãng xe:Honda,Dòng xe:Rebel,Loại xe:Tay côn/Moto,Dung tích xe:Trên 175 cc,Xuất xứ:Thái Lan,Năm đăng ký:2024,Chính sách bảo hành:Bảo hành hãng,163.300.000 đ,Lê Thái,"Phường 13, Quận 11, Tp Hồ Chí Minh",4.9,1đang bán,1đã bán
Vespa 946 Dragon xe nhập Châu Âu2024Tay gaMới540.000.000 đ1 tháng trước•Quận 11,Hãng xe:Piaggio,Dòng xe:Vespa,Loại xe:Tay ga,Dung tích xe:100 - 175 cc,Xuất xứ:Nước khác,Năm đăng ký:2024,Chính sách bảo hành:Bảo hành hãng,540.000.000 đ,Nguyễn Văn Tân 411,"Phường 11, Quận 11, Tp Hồ Chí Minh",4.8,70đang bán,13đã bán
Harley-Davidson SportGlide mẫu xe 2 trong 12023Tay côn/MotoMới699.000.000 đ1 tháng trước•Thành phố Thủ Đức,Hãng xe:Harley Davidson,Dòng xe:Softail,Loại xe:Tay côn/Moto,Dung tích xe:Trên 175 cc,Xuất xứ:Mỹ,Năm đăng ký:2023,Chính sách bảo hành:Bảo hành hãng,699.000.000 đ,Thiện Harley,"Phường An Lợi Đông (Quận 2 cũ), Thành phố Thủ Đức, Tp Hồ Chí Minh",,10đang bán,6đã bán
+36HONDA REBEL 1100 Bản DCT 20242024Tay côn/MotoMới429.500.000 đ1 tháng trước•Quận 11Lương Thị Hồng Thắm5.01đã bán2đang bánBấm để hiện sốChat,Hãng xe:Honda,Dòng xe:Rebel,Loại xe:Tay côn/Moto,Dung tích xe:Trên 175 cc,Xuất xứ:Nhật Bản,Năm đăng ký:2024,Chính sách bảo hành:Bảo hành hãng,429.500.000 đ,Lương Thị Hồng Thắm,"Phường 13, Quận 11, Tp Hồ Chí Minh",5,2đang bán,1đã bán
2 đen` hậu sau yaz z2020Xe sốMới700.000 đ1 tháng trước•Thành phố Thủ Đức,Hãng xe:Yamaha,Dòng xe:YAZ,Loại xe:Xe số,Dung tích xe:100 - 175 cc,Xuất xứ:Nhật Bản,Năm đăng ký:2020,Chính sách bảo hành:Bảo hành hãng,700.000 đ,Ha,"Phường Linh Trung (Quận Thủ Đức cũ), Thành phố Thủ Đức, Tp Hồ Chí Minh",,1đang bán,0đã bán
"Xe mới , do không nhu cầu sử dụng,2024Xe sốMới16.500.000 đ2 tháng trước•Quận 6",Hãng xe:Hãng khác,Dòng xe:Dòng khác,Loại xe:Xe số,Dung tích xe:Dưới 50 cc,Xuất xứ:Việt Nam,Năm đăng ký:2024,Chính sách bảo hành:Bảo hành hãng,16.500.000 đ,Seven,"Phường 6, Quận 6, Tp Hồ Chí Minh",,1đang bán,0đã bán
vision độ 3d độ đèn led audi2024Tay gaMới37.000.000 đ2 tháng trước•Huyện Củ Chi,Hãng xe:Honda,Dòng xe:Vision,Loại xe:Tay ga,Dung tích xe:100 - 175 cc,Xuất xứ:Nhật Bản,Năm đăng ký:2024,Chính sách bảo hành:Bảo hành hãng,37.000.000 đ,Cửa hàng Xe Máy Nhập Khẩu Củ Chi,"Thị trấn Củ Chi, Huyện Củ Chi, Tp Hồ Chí Minh",,9đang bán,0đã bán
Vario 125 nhập khẩu độ 3D Xanh Rêu2024Tay gaMới40.000.000 đ2 tháng trước•Huyện Củ Chi,Hãng xe:Honda,Dòng xe:Vario,Loại xe:Tay ga,Dung tích xe:100 - 175 cc,Xuất xứ:Nước khác,Năm đăng ký:2024,Chính sách bảo hành:Bảo hành hãng,40.000.000 đ,Cửa hàng Xe Máy Nhập Khẩu Củ Chi,"Thị trấn Củ Chi, Huyện Củ Chi, Tp Hồ Chí Minh",,9đang bán,0đã bán
+25exciter150 giá siêu tốt chính chủ còn uỷ quyền2016Xe sốMới18.500.000 đ2 tháng trước•Quận Tân Phúphan tài6đã bán1đang bánBấm để hiện sốChat,Hãng xe:Yamaha,Dòng xe:Exciter,Loại xe:Xe số,Dung tích xe:100 - 175 cc,Xuất xứ:Nhật Bản,Năm đăng ký:2016,Chính sách bảo hành:Bảo hành hãng,18.500.000 đ,phan tài,"Phường Tân Quý, Quận Tân Phú, Tp Hồ Chí Minh",,1đang bán,6đã bán
Vario 125 độ 3D nhập khẩu nguyên chiếc2024Tay gaMới40.000.000 đ2 tháng trước•Huyện Củ Chi,Hãng xe:Hãng khác,Dòng xe:Dòng khác,Loại xe:Tay ga,Dung tích xe:100 - 175 cc,Xuất xứ:Nước khác,Năm đăng ký:2024,Chính sách bảo hành:Bảo hành hãng,40.000.000 đ,Cửa hàng Xe Máy Nhập Khẩu Củ Chi,"Thị trấn Củ Chi, Huyện Củ Chi, Tp Hồ Chí Minh",,9đang bán,0đã bán
Xe vision độ 3D led audi2024Tay gaMới34.000.000 đ2 tháng trước•Huyện Củ Chi,Hãng xe:Honda,Dòng xe:Vision,Loại xe:Tay ga,Dung tích xe:100 - 175 cc,Xuất xứ:Việt Nam,Năm đăng ký:2024,Chính sách bảo hành:Bảo hành hãng,34.000.000 đ,Cửa hàng Xe Máy Nhập Khẩu Củ Chi,"Thị trấn Củ Chi, Huyện Củ Chi, Tp Hồ Chí Minh",,9đang bán,0đã bán
Vision bản cao cấp Trắng Đen2024Tay gaMới34.000.000 đ2 tháng trước•Huyện Củ Chi,Hãng xe:Honda,Dòng xe:Vision,Loại xe:Tay ga,Dung tích xe:100 - 175 cc,Xuất xứ:Việt Nam,Năm đăng ký:2024,Chính sách bảo hành:Bảo hành hãng,34.000.000 đ,Cửa hàng Xe Máy Nhập Khẩu Củ Chi,"Thị trấn Củ Chi, Huyện Củ Chi, Tp Hồ Chí Minh",,9đang bán,0đã bán
Harley Low Rider S Giá Siêu Ưu Đãi !!!2024Tay côn/MotoMới599.000.000 đ2 tháng trước•Quận 7,Hãng xe:Harley Davidson,Dòng xe:Softail,Loại xe:Tay côn/Moto,Dung tích xe:Trên 175 cc,Xuất xứ:Thái Lan,Năm đăng ký:2024,Chính sách bảo hành:Bảo hành hãng,599.000.000 đ,Tùng Nguyễn Harley,"Phường Tân Phú, Quận 7, Tp Hồ Chí Minh",5,11đang bán,4đã bán
Vespa Primavela Sprint đầy đủ màu.2024Tay gaMới1.000.000 đ2 tháng trước•Quận Tân Phú,Hãng xe:Piaggio,Dòng xe:Vespa,Loại xe:Tay ga,Dung tích xe:100 - 175 cc,Xuất xứ:Nước khác,Năm đăng ký:2024,Chính sách bảo hành:Bảo hành hãng,1.000.000 đ,Trung Khưu,"Phường Tân Thành, Quận Tân Phú, Tp Hồ Chí Minh",4.8,1đang bán,20đã bán
💥 🦅 Harley-Davidson Road Glide 2024 ⚜️💥2024Tay côn/MotoMới1.449.900.000 đ2 tháng trước•Thành phố Thủ Đức,Hãng xe:Harley Davidson,Dòng xe:Touring,Loại xe:Tay côn/Moto,Dung tích xe:Trên 175 cc,Xuất xứ:Thái Lan,Năm đăng ký:2024,Chính sách bảo hành:Bảo hành hãng,1.449.900.000 đ,Tùng Nguyễn Harley,"Phường An Lợi Đông (Quận 2 cũ), Thành phố Thủ Đức, Tp Hồ Chí Minh",5,11đang bán,4đã bán
SH350i giá tốt | Lãi suât chỉ 0.99%2023Tay gaMới49.900.000 đ2 tháng trước•Quận 8,Hãng xe:Honda,Dòng xe:SH,Loại xe:Tay ga,Dung tích xe:Trên 175 cc,Xuất xứ:Việt Nam,Năm đăng ký:2023,Chính sách bảo hành:Bảo hành hãng,49.900.000 đ,Hiếu Xe Trả Góp,"Phường 2, Quận 8, Tp Hồ Chí Minh",4.7,24đang bán,2đã bán
kẹt tiền  cần bán2008Tay gaMới10.500.000 đ2 tháng trước•Huyện Hóc Môn,Hãng xe:Honda,Dòng xe:Air Blade,Loại xe:Tay ga,Dung tích xe:100 - 175 cc,Xuất xứ:Việt Nam,Năm đăng ký:2008,Chính sách bảo hành:Bảo hành hãng,10.500.000 đ,Sơn,"Xã Bà Điểm, Huyện Hóc Môn, Tp Hồ Chí Minh",5,2đang bán,3đã bán
Fat Boy 114 - Biểu tượng của Harley-Davidson2024Tay côn/MotoMới909.000.000 đ2 tháng trước•Quận 7,Hãng xe:Harley Davidson,Dòng xe:Fat Boy,Loại xe:Tay côn/Moto,Dung tích xe:Trên 175 cc,Xuất xứ:Thái Lan,Năm đăng ký:2024,Chính sách bảo hành:Bảo hành hãng,909.000.000 đ,Tùng Nguyễn Harley,"Phường Tân Phú, Quận 7, Tp Hồ Chí Minh",5,11đang bán,4đã bán
Xe cũ cần thanh lý2010Xe sốMới8.000.000 đ2 tháng trước•Huyện Hóc Môn,Hãng xe:Honda,Dòng xe:Dream,Loại xe:Xe số,Dung tích xe:50 - 100 cc,Xuất xứ:Hàn Quốc,Năm đăng ký:2010,Chính sách bảo hành:Bảo hành hãng,8.000.000 đ,Thanh Cao,"Xã Tân Xuân, Huyện Hóc Môn, Tp Hồ Chí Minh",,1đang bán,0đã bán
Vespa Sprint iget ABS Xanh 4 2024 Siêu Mới New99%2024Tay gaMới75.000.000 đ3 tháng trước•Quận Tân Phú,Hãng xe:Piaggio,Dòng xe:LX,Loại xe:Tay ga,Dung tích xe:100 - 175 cc,Xuất xứ:Nước khác,Năm đăng ký:2024,Chính sách bảo hành:Bảo hành hãng,75.000.000 đ,Nguyễn Đăng Nhi,"Phường Phú Trung, Quận Tân Phú, Tp Hồ Chí Minh",,2đang bán,1đã bán
Honda CB150x mới 100%2022Tay côn/MotoMới69.100.000 đ4 tháng trước•Quận 5,Hãng xe:Honda,Dòng xe:CB,Loại xe:Tay côn/Moto,Dung tích xe:100 - 175 cc,Xuất xứ:Nước khác,Năm đăng ký:2022,Chính sách bảo hành:Bảo hành hãng,69.100.000 đ,Lê Hoàng Khôi,"Phường 2, Quận 5, Tp Hồ Chí Minh",,1đang bán,0đã bán
"Lead 4val ABS | Trả trước 5tr | lãi suất chỉ 0,79%2024Tay gaMới4.999.999 đ1 tuần trước•Quận 11",Hãng xe:Honda,Dòng xe:Lead,Loại xe:Tay ga,Dung tích xe:100 - 175 cc,Xuất xứ:Việt Nam,Năm đăng ký:2024,Chính sách bảo hành:Bảo hành hãng,4.999.999 đ,Hiếu Xe Trả Góp,"Phường 5, Quận 11, Tp Hồ Chí Minh",4.7,24đang bán,2đã bán
VARIO150 HOT MỚI 100% 2020 - BS VIP 99955 - GÓP2020Tay gaMới68.000.000 đ3 tuần trước•Quận 7,Hãng xe:Honda,Dòng xe:Vario,Loại xe:Tay ga,Dung tích xe:100 - 175 cc,Xuất xứ:Nước khác,Năm đăng ký:2020,Chính sách bảo hành:Bảo hành hãng,68.000.000 đ,XE MÁY NGUYỄN MINH SƠN,"Phường Phú Thuận, Quận 7, Tp Hồ Chí Minh",4.6,102đang bán,204đã bán
Honda Scoopy 110 2024 Smartkey2024Tay gaMới41.500.000 đ4 tuần trước•Quận 8,Hãng xe:Honda,Dòng xe:Scoopy,Loại xe:Tay ga,Dung tích xe:100 - 175 cc,Xuất xứ:Nước khác,Năm đăng ký:2024,Chính sách bảo hành:Bảo hành hãng,41.500.000 đ,Cửa hàng xe máy Bảo chuyên Vario trả góp,"Phường 2, Quận 8, Tp Hồ Chí Minh",4.3,0đang bán,106đã bán
AirBlade (8/2024) 4val Biển Tphcm Chính chủ2024Tay gaMới40.800.000 đ4 tuần trước•Quận 11,Hãng xe:Honda,Dòng xe:Air Blade,Loại xe:Tay ga,Dung tích xe:100 - 175 cc,Xuất xứ:Việt Nam,Năm đăng ký:2024,Chính sách bảo hành:Bảo hành hãng,40.800.000 đ,Đầm sen 3839,"Phường 3, Quận 11, Tp Hồ Chí Minh",4.5,0đang bán,0đã bán
Mio nhỏ rin nguyên đầu chưa rớt  bs 47 chính chủ2006Tay gaMới8.700.000 đ1 tháng trước•Quận Tân Phú,Hãng xe:Yamaha,Dòng xe:Mio,Loại xe:Tay ga,Dung tích xe:100 - 175 cc,Xuất xứ:Việt Nam,Năm đăng ký:2006,Chính sách bảo hành:Bảo hành hãng,8.700.000 đ,Xe Máy Lâm 290,"Phường Hòa Thạnh, Quận Tân Phú, Tp Hồ Chí Minh",5,5đang bán,236đã bán
Yamaha Luvias biển số thành phố xe đẹp2015Tay gaMới13.800.000 đ1 tháng trước•Quận Tân Phú,Hãng xe:Yamaha,Dòng xe:Luvias,Loại xe:Tay ga,Dung tích xe:100 - 175 cc,Xuất xứ:Việt Nam,Năm đăng ký:2015,Chính sách bảo hành:Bảo hành hãng,13.800.000 đ,Xe Máy Lâm 290,"Phường Hòa Thạnh, Quận Tân Phú, Tp Hồ Chí Minh",5,5đang bán,236đã bán
